🚀 ALL SITES Content Pipeline — 2026-05-22 05:00
Sites: 23 (5 content + 18 rent)

==================================================
📝 findaiagency.com → AI workflow automation implementation guide...
  Researching...
  Generating...
  ❌ Failed: IncompleteRead(0 bytes read)
  ⚠️ Retrying (Only 3 words, Missing table, Missing FAQ, Only 0 FAQ items, Only 0 H2s)
  Researching...
  Generating...
  ❌ Failed: IncompleteRead(0 bytes read)
  ✅ 3w, 0 H2s, ❌ table, ❌ FAQ (0)
  ❌ blog.findaiagency.com/ai-workflow-automation-implementation-guide → blog-findaiagency

==================================================
📝 aiagencycalculator.com → AI maintenance and support costs annual projection...
  Researching...
  Generating...
  ❌ Failed: IncompleteRead(0 bytes read)
  ⚠️ Retrying (Only 3 words, Missing table, Missing FAQ, Only 0 FAQ items, Only 0 H2s)
  Researching...
  Generating...
  ❌ Failed: IncompleteRead(0 bytes read)
  ✅ 3w, 0 H2s, ❌ table, ❌ FAQ (0)
  ❌ blog.aiagencycalculator.com/ai-maintenance-and-support-costs-annual-projection → blog-aiagencycalc

==================================================
📝 mybusinessaiaudit.com → AI data readiness what to check before starting...
  Researching...
  Generating...
  ❌ Failed: IncompleteRead(0 bytes read)
  ⚠️ Retrying (Only 3 words, Missing table, Missing FAQ, Only 0 FAQ items, Only 0 H2s)
  Researching...
  Generating...
  ❌ Failed: IncompleteRead(0 bytes read)
  ✅ 3w, 0 H2s, ❌ table, ❌ FAQ (0)
  ❌ blog.mybusinessaiaudit.com/ai-data-readiness-what-to-check-before-starting → blog-mybusinessaudit

==================================================
📝 ozempicproviders.com → Ozempic shortage 2026 supply update and alternatives...
  Researching...
  Generating...
  ❌ Failed: IncompleteRead(0 bytes read)
  ⚠️ Retrying (Only 3 words, Missing table, Missing FAQ, Only 0 FAQ items, Only 0 H2s)
  Researching...
  Generating...
  ❌ Failed: IncompleteRead(0 bytes read)
  ✅ 3w, 0 H2s, ❌ table, ❌ FAQ (0)
  ❌ blog.ozempicproviders.com/ozempic-shortage-2026-supply-update-and-alternatives → blog-ozempicproviders

==================================================
📝 tariffcalculator2026.com → how to apply for tariff exclusion or drawback...
  Researching...
  Generating...
  ❌ Failed: IncompleteRead(0 bytes read)
  ⚠️ Retrying (Only 3 words, Missing table, Missing FAQ, Only 0 FAQ items, Only 0 H2s)
  Researching...
  Generating...
  ❌ Failed: IncompleteRead(0 bytes read)
  ✅ 3w, 0 H2s, ❌ table, ❌ FAQ (0)
  ❌ blog.tariffcalculator2026.com/how-to-apply-for-tariff-exclusion-or-drawback → blog-tariffcalculator

==================================================
🏠 hvacmaintenancepros.com → preventing HVAC breakdowns seasonal checklist...
  Researching...
  Generating...
  ❌ Failed: IncompleteRead(0 bytes read)
  ⚠️ Retrying (Only 3 words, Missing table, Missing FAQ, Only 0 FAQ items, Only 0 H2s)
  Researching...
  Generating...
  ❌ Failed: IncompleteRead(0 bytes read)
  ✅ 3w, 0 H2s, ❌ table, ❌ FAQ (0)
  ❌ hvacmaintenancepros.com/blog/preventing-hvac-breakdowns-seasonal-checklist/ → hvac-maintenance

==================================================
🏠 sumpumpplumbers.com → sump pump installation code requirements...
  Researching...
  Generating...
  ✅ 3103w, 10 H2s, 📊 table, ❓ FAQ (7)
  ❌ sumpumpplumbers.com/blog/sump-pump-installation-code-requirements/ → sump-pump-plumbers

==================================================
🏠 roofshinglepros.com → roof maintenance checklist for homeowners...
  Researching...
  Generating...
  ❌ Failed: IncompleteRead(0 bytes read)
  ⚠️ Retrying (Only 3 words, Missing table, Missing FAQ, Only 0 FAQ items, Only 0 H2s)
  Researching...
  Generating...
  ❌ Failed: IncompleteRead(0 bytes read)
  ✅ 3w, 0 H2s, ❌ table, ❌ FAQ (0)
  ❌ roofshinglepros.com/blog/roof-maintenance-checklist-for-homeowners/ → roof-shingle

==================================================
🏠 fencingcontractorspros.com → fence repair vs replacement when to replace...
  Researching...
  Generating...
  ❌ Failed: IncompleteRead(0 bytes read)
  ⚠️ Retrying (Only 3 words, Missing table, Missing FAQ, Only 0 FAQ items, Only 0 H2s)
  Researching...
  Generating...
  ❌ Failed: IncompleteRead(0 bytes read)
  ✅ 3w, 0 H2s, ❌ table, ❌ FAQ (0)
  ❌ fencingcontractorspros.com/blog/fence-repair-vs-replacement-when-to-replace/ → fencing-contractors

==================================================
🏠 smartlightingpros.com → holiday smart lighting automation...
  Researching...
  Generating...
  ❌ Failed: IncompleteRead(0 bytes read)
  ⚠️ Retrying (Only 3 words, Missing table, Missing FAQ, Only 0 FAQ items, Only 0 H2s)
  Researching...
  Generating...
  ❌ Failed: IncompleteRead(0 bytes read)
  ✅ 3w, 0 H2s, ❌ table, ❌ FAQ (0)
  ❌ smartlightingpros.com/blog/holiday-smart-lighting-automation/ → smart-lighting

==================================================
🏠 autobodyrepairpros.com → headlight restoration DIY methods that work...
  Researching...
  Generating...
  ✅ 2192w, 7 H2s, 📊 table, ❓ FAQ (7)
  ❌ autobodyrepairpros.com/blog/headlight-restoration-diy-methods-that-work/ → auto-body-repair

==================================================
🏠 handymanservicespros.com → door repair sticking hinges and frames...
  Researching...
  Generating...
  ❌ Failed: IncompleteRead(0 bytes read)
  ⚠️ Retrying (Only 3 words, Missing table, Missing FAQ, Only 0 FAQ items, Only 0 H2s)
  Researching...
  Generating...
  ❌ Failed: IncompleteRead(0 bytes read)
  ✅ 3w, 0 H2s, ❌ table, ❌ FAQ (0)
  ❌ handymanservicespros.com/blog/door-repair-sticking-hinges-and-frames/ → handyman-services

==================================================
🏠 tireshoppros.com → tire alignment vs balancing what is the difference...
  Researching...
  Generating...
  ❌ Failed: IncompleteRead(0 bytes read)
  ⚠️ Retrying (Only 3 words, Missing table, Missing FAQ, Only 0 FAQ items, Only 0 H2s)
  Researching...
  Generating...
  ❌ Failed: IncompleteRead(0 bytes read)
  ✅ 3w, 0 H2s, ❌ table, ❌ FAQ (0)
  ❌ tireshoppros.com/blog/tire-alignment-vs-balancing-what-is-the-difference/ → tire-shop

==================================================
🏠 personalinjuryattorneypros.com → wrongful death claim who can file...
  Researching...
  Generating...
  ✅ 2413w, 13 H2s, 📊 table, ❓ FAQ (6)
  ❌ personalinjuryattorneypros.com/blog/wrongful-death-claim-who-can-file/ → personal-injury-attorney

==================================================
🏠 divorcelawyerpros.com → child support calculation standard guidelines...
  Researching...
  Generating...
  ❌ Failed: IncompleteRead(0 bytes read)
  ⚠️ Retrying (Only 3 words, Missing table, Missing FAQ, Only 0 FAQ items, Only 0 H2s)
  Researching...
  Generating...
  ❌ Failed: IncompleteRead(0 bytes read)
  ✅ 3w, 0 H2s, ❌ table, ❌ FAQ (0)
  ❌ divorcelawyerpros.com/blog/child-support-calculation-standard-guidelines/ → divorce-lawyer

==================================================
🏠 taxpreparationpros.com → IRS payment plan options if you owe...
  Researching...
  Generating...
  ✅ 2343w, 11 H2s, 📊 table, ❓ FAQ (6)
  ❌ taxpreparationpros.com/blog/irs-payment-plan-options-if-you-owe/ → tax-preparation

==================================================
🏠 bookkeepingservicespros.com → sales tax filing and remittance guide...
  Researching...
  Generating...
  ❌ Failed: IncompleteRead(0 bytes read)
  ⚠️ Retrying (Only 3 words, Missing table, Missing FAQ, Only 0 FAQ items, Only 0 H2s)
  Researching...
  Generating...
  ✅ 2237w, 11 H2s, 📊 table, ❓ FAQ (7)
  ❌ bookkeepingservicespros.com/blog/sales-tax-filing-and-remittance-guide/ → bookkeeping-services

==================================================
🏠 electricehiclechargerpros.com → EV charger network subscription comparison...
  Researching...
  Generating...
  ❌ Failed: IncompleteRead(0 bytes read)
  ⚠️ Retrying (Only 3 🚀 ALL SITES Content Pipeline — 2026-05-23 05:00
Sites: 23 (5 content + 18 rent)

==================================================
📝 findaiagency.com → comparing AI agencies by industry specialization...
  Researching...
  Generating...
  ✅ 2741w, 10 H2s, 📊 table, ❓ FAQ (6)
  ❌ blog.findaiagency.com/comparing-ai-agencies-by-industry-specialization → blog-findaiagency

==================================================
📝 aiagencycalculator.com → custom AI solution pricing vs SaaS AI tools...
  Researching...
  Generating...
  ✅ 2650w, 11 H2s, 📊 table, ❓ FAQ (6)
  ❌ blog.aiagencycalculator.com/custom-ai-solution-pricing-vs-saas-ai-tools → blog-aiagencycalc

==================================================
📝 mybusinessaiaudit.com → workflow audit for AI automation step by step...
  Researching...
  Generating...
  ✅ 2440w, 12 H2s, 📊 table, ❓ FAQ (6)
  ❌ blog.mybusinessaiaudit.com/workflow-audit-for-ai-automation-step-by-step → blog-mybusinessaudit

==================================================
📝 ozempicproviders.com → compounding pharmacy semaglutide safety concerns...
  Researching...
  Generating...
  ✅ 2041w, 12 H2s, 📊 table, ❓ FAQ (6)
  ❌ blog.ozempicproviders.com/compounding-pharmacy-semaglutide-safety-concerns → blog-ozempicproviders

==================================================
📝 tariffcalculator2026.com → tariff impact on US manufacturing supply chains 2026...
  Researching...
  Generating...
  ✅ 2300w, 8 H2s, 📊 table, ❓ FAQ (6)
  ❌ blog.tariffcalculator2026.com/tariff-impact-on-us-manufacturing-supply-chains-2026 → blog-tariffcalculator

==================================================
🏠 hvacmaintenancepros.com → heat pump vs furnace which is better...
  Researching...
  Generating...
  ✅ 2311w, 12 H2s, 📊 table, ❓ FAQ (7)
  ❌ hvacmaintenancepros.com/blog/heat-pump-vs-furnace-which-is-better/ → hvac-maintenance

==================================================
🏠 sumpumpplumbers.com → pedestal vs submersible sump pump pros and cons...
  Researching...
  Generating...
  ✅ 2828w, 10 H2s, 📊 table, ❓ FAQ (6)
  ❌ sumpumpplumbers.com/blog/pedestal-vs-submersible-sump-pump-pros-and-cons/ → sump-pump-plumbers

==================================================
🏠 roofshinglepros.com → underlayment types for roof replacement...
  Researching...
  Generating...
  ✅ 2534w, 11 H2s, 📊 table, ❓ FAQ (6)
  ❌ roofshinglepros.com/blog/underlayment-types-for-roof-replacement/ → roof-shingle

==================================================
🏠 fencingcontractorspros.com → decorative fencing styles for front yards...
  Researching...
  Generating...
  ✅ 2165w, 12 H2s, 📊 table, ❓ FAQ (6)
  ❌ fencingcontractorspros.com/blog/decorative-fencing-styles-for-front-yards/ → fencing-contractors

==================================================
🏠 smartlightingpros.com → smart lighting for commercial buildings...
  Researching...
  Generating...
  ✅ 2722w, 8 H2s, 📊 table, ❓ FAQ (6)
  ❌ smartlightingpros.com/blog/smart-lighting-for-commercial-buildings/ → smart-lighting

==================================================
🏠 autobodyrepairpros.com → collision repair timeline what to expect...
  Researching...
  Generating...
  ✅ 2561w, 15 H2s, 📊 table, ❓ FAQ (7)
  ❌ autobodyrepairpros.com/blog/collision-repair-timeline-what-to-expect/ → auto-body-repair

==================================================
🏠 handymanservicespros.com → bathroom caulking and grout repair guide...
  Researching...
  Generating...
  ❌ Failed: IncompleteRead(0 bytes read)
  ⚠️ Retrying (Only 3 words, Missing table, Missing FAQ, Only 0 FAQ items, Only 0 H2s)
  Researching...
  Generating...
  ✅ 2652w, 11 H2s, 📊 table, ❓ FAQ (7)
  ❌ handymanservicespros.com/blog/bathroom-caulking-and-grout-repair-guide/ → handyman-services

==================================================
🏠 tireshoppros.com → used tires buying guide what to check...
  Researching...
  Generating...
  ✅ 2630w, 11 H2s, 📊 table, ❓ FAQ (6)
  ❌ tireshoppros.com/blog/used-tires-buying-guide-what-to-check/ → tire-shop

==================================================
🏠 personalinjuryattorneypros.com → pre existing condition personal injury impact...
  Researching...
  Generating...
  ✅ 2956w, 13 H2s, 📊 table, ❓ FAQ (6)
  ❌ personalinjuryattorneypros.com/blog/pre-existing-condition-personal-injury-impact/ → personal-injury-attorney

==================================================
🏠 divorcelawyerpros.com → divorce decree violations enforcement options...
  Researching...
  Generating...
  ✅ 2533w, 14 H2s, 📊 table, ❓ FAQ (7)
  ❌ divorcelawyerpros.com/blog/divorce-decree-violations-enforcement-options/ → divorce-lawyer

==================================================
🏠 taxpreparationpros.com → state income tax rates comparison by state...
  Researching...
  Generating...
  ✅ 2841w, 10 H2s, 📊 table, ❓ FAQ (6)
  ❌ taxpreparationpros.com/blog/state-income-tax-rates-comparison-by-state/ → tax-preparation

==================================================
🏠 bookkeepingservicespros.com → inventory accounting methods FIFO vs LIFO...
  Researching...
  Generating...
  ✅ 2645w, 15 H2s, 📊 table, ❓ FAQ (6)
  ❌ bookkeepingservicespros.com/blog/inventory-accounting-methods-fifo-vs-lifo/ → bookkeeping-services

==================================================
🏠 electricehiclechargerpros.com → workplace EV charging station installation guide...
  Researching...
  Generating...
  ✅ 1956w, 12 H2s, 📊 table, ❓ FAQ (6)
  ❌ electricehiclechargerpros.com/blog/workplace-ev-charging-station-installation-guide/ → ev-charger

==================================================
🏠 solarpanelinstallpros.com → solar panel permit and inspection requirements...
  Researching...
  Generating...
  ✅ 2405w, 9 H2s, 📊 table, ❓ FAQ (6)
  ❌ solarpanelinstallpros.com/blog/solar-panel-permit-and-inspection-requirements/ → solar-panel-install

==================================================
🏠 veterinarypros.com → puppy training and socialization timeline...
  Researching...
  Generating...
  ✅ 2596w, 12 H2s, 📊 table, ❓ FAQ (7)
  ❌ veterinarypros.com/blog/puppy-training-and-socialization-timeline/ → veterinary

==================================================
🏠 mobiletreeremoval.com → arborist vs tree service differences explained...
  Researching...
  Generating...
  ✅ 2410w, 11 H2s, 📊 table, ❓ FAQ (6)
  ❌ mobiletreeremoval.com/blog/arborist-vs-tree-service-differences-explained/ → mobile-treeremoval

==================================================
🏠 generatorinstallreno.com → winter generator operation cold weather tips...
  Researching...
  Generating...
  ✅ 3033w, 12 H2s, 📊 table, ❓ FAQ (7)
  ❌ generatorinstallreno.com/blog/winter-generator-operation-cold-weather-tips/ → reno-generators

==================================================
🏠 tulsaseptic.com → septic tank risers benefits and installation...
  Researching...
  Generating...
  ✅ 2347w, 11 H2s, 📊 table, ❓ FAQ (7)
  ❌ tulsaseptic.com/blog/septic-tank-risers-benefits-and-installation/ → tulsa-septic

==================================================
✅ COMPLETE: 23 articles
  Content sites: 0/5 deployed
  Rent/R&R sites: 0/18 deployed
🎯 Quality pass: 23/23
🚀 ALL SITES Content Pipeline — 2026-05-26 05:00
Sites: 23 (5 content + 18 rent)

==================================================
📝 findaiagency.com → AI automation for healthcare practices 2026...
  Researching...
  Generating...
  ✅ 2299w, 13 H2s, 📊 table, ❓ FAQ (6)
  ❌ blog.findaiagency.com/ai-automation-for-healthcare-practices-2026 → blog-findaiagency

==================================================
📝 aiagencycalculator.com → AI chatbot development cost breakdown 2026...
  Researching...
  Generating...
  ✅ 1856w, 12 H2s, 📊 table, ❓ FAQ (6)
  ❌ blog.aiagencycalculator.com/ai-chatbot-development-cost-breakdown-2026 → blog-aiagencycalc

==================================================
📝 mybusinessaiaudit.com → AI opportunity assessment for retail businesses...
  Researching...
  Generating...
  ❌ Failed: IncompleteRead(0 bytes read)
  ⚠️ Retrying (Only 3 words, Missing table, Missing FAQ, Only 0 FAQ items, Only 0 H2s)
  Researching...
  Generating...
  ❌ Failed: IncompleteRead(0 bytes read)
  ✅ 3w, 0 H2s, ❌ table, ❌ FAQ (0)
  ❌ blog.mybusinessaiaudit.com/ai-opportunity-assessment-for-retail-businesses → blog-mybusinessaudit

==================================================
📝 ozempicproviders.com → Medicare coverage Ozempic 2026 what changed...
  Researching...
  Generating...
  ✅ 2181w, 11 H2s, 📊 table, ❓ FAQ (6)
  ❌ blog.ozempicproviders.com/medicare-coverage-ozempic-2026-what-changed → blog-ozempicproviders

==================================================
📝 tariffcalculator2026.com → de minimis rule changes 2026 impact on ecommerce...
  Researching...
  Generating...
  ❌ Failed: IncompleteRead(0 bytes read)
  ⚠️ Retrying (Only 3 words, Missing table, Missing FAQ, Only 0 FAQ items, Only 0 H2s)
  Researching...
  Generating...
  ✅ 2490w, 10 H2s, 📊 table, ❓ FAQ (6)
  ❌ blog.tariffcalculator2026.com/de-minimis-rule-changes-2026-impact-on-ecommerce → blog-tariffcalculator

==================================================
🏠 hvacmaintenancepros.com → HVAC warranty what is covered and what is not...
  Researching...
  Generating...
  ❌ Failed: IncompleteRead(0 bytes read)
  ⚠️ Retrying (Only 3 words, Missing table, Missing FAQ, Only 0 FAQ items, Only 0 H2s)
  Researching...
  Generating...
  ❌ Failed: IncompleteRead(0 bytes read)
  ✅ 3w, 0 H2s, ❌ table, ❌ FAQ (0)
  ❌ hvacmaintenancepros.com/blog/hvac-warranty-what-is-covered-and-what-is-not/ → hvac-maintenance

==================================================
🏠 sumpumpplumbers.com → how to test your sump pump properly...
  Researching...
  Generating...
  ❌ Failed: IncompleteRead(0 bytes read)
  ⚠️ Retrying (Only 3 words, Missing table, Missing FAQ, Only 0 FAQ items, Only 0 H2s)
  Researching...
  Generating...
  ✅ 2495w, 15 H2s, 📊 table, ❓ FAQ (6)
  ❌ sumpumpplumbers.com/blog/how-to-test-your-sump-pump-properly/ → sump-pump-plumbers

==================================================
🏠 roofshinglepros.com → best roofing shingles for high wind areas...
  Researching...
  Generating...
  ❌ Failed: IncompleteRead(0 bytes read)
  ⚠️ Retrying (Only 3 words, Missing table, Missing FAQ, Only 0 FAQ items, Only 0 H2s)
  Researching...
  Generating...
  ❌ Failed: IncompleteRead(0 bytes read)
  ✅ 3w, 0 H2s, ❌ table, ❌ FAQ (0)
  ❌ roofshinglepros.com/blog/best-roofing-shingles-for-high-wind-areas/ → roof-shingle

==================================================
🏠 fencingcontractorspros.com → pool fence safety codes and requirements...
  Researching...
  Generating...
  ❌ Failed: IncompleteRead(0 bytes read)
  ⚠️ Retrying (Only 3 words, Missing table, Missing FAQ, Only 0 FAQ items, Only 0 H2s)
  Researching...
  Generating...
  ❌ Failed: IncompleteRead(0 bytes read)
  ✅ 3w, 0 H2s, ❌ table, ❌ FAQ (0)
  ❌ fencingcontractorspros.com/blog/pool-fence-safety-codes-and-requirements/ → fencing-contractors

==================================================
🏠 smartlightingpros.com → motion sensor lighting installation tips...
  Researching...
  Generating...
  ❌ Failed: IncompleteRead(0 bytes read)
  ⚠️ Retrying (Only 3 words, Missing table, Missing FAQ, Only 0 FAQ items, Only 0 H2s)
  Researching...
  Generating...
  ❌ Failed: IncompleteRead(0 bytes read)
  ✅ 3w, 0 H2s, ❌ table, ❌ FAQ (0)
  ❌ smartlightingpros.com/blog/motion-sensor-lighting-installation-tips/ → smart-lighting

==================================================
🏠 autobodyrepairpros.com → auto body shop what to look for...
  Researching...
  Generating...
  ✅ 2164w, 10 H2s, 📊 table, ❓ FAQ (7)
  ❌ autobodyrepairpros.com/blog/auto-body-shop-what-to-look-for/ → auto-body-repair

==================================================
🏠 handymanservicespros.com → deck repair and staining cost guide...
  Researching...
  Generating...
  ❌ Failed: IncompleteRead(0 bytes read)
  ⚠️ Retrying (Only 3 words, Missing table, Missing FAQ, Only 0 FAQ items, Only 0 H2s)
  Researching...
  Generating...
  ✅ 2429w, 12 H2s, 📊 table, ❓ FAQ (7)
  ❌ handymanservicespros.com/blog/deck-repair-and-staining-cost-guide/ → handyman-services

==================================================
🏠 tireshoppros.com → when to replace tires vs patch repair...
  Researching...
  Generating...
  ✅ 2428w, 10 H2s, 📊 table, ❓ FAQ (6)
  ❌ tireshoppros.com/blog/when-to-replace-tires-vs-patch-repair/ → tire-shop

==================================================
🏠 personalinjuryattorneypros.com → pain and suffering damages how they are calculated...
  Researching...
  Generating...
  ❌ Failed: IncompleteRead(0 bytes read)
  ⚠️ Retrying (Only 3 words, Missing table, Missing FAQ, Only 0 FAQ items, Only 0 H2s)
  Researching...
  Generating...
  ❌ Failed: IncompleteRead(0 bytes read)
  ✅ 3w, 0 H2s, ❌ table, ❌ FAQ (0)
  ❌ personalinjuryattorneypros.com/blog/pain-and-suffering-damages-how-they-are-calculated/ → personal-injury-attorney

==================================================
🏠 divorcelawyerpros.com → high net worth divorce special considerations...
  Researching...
  Generating...
  ✅ 2544w, 10 H2s, 📊 table, ❓ FAQ (6)
  ❌ divorcelawyerpros.com/blog/high-net-worth-divorce-special-considerations/ → divorce-lawyer

==================================================
🏠 taxpreparationpros.com → tax credits for homeowners energy efficiency 2026...
  Researching...
  Generating...
  ✅ 1991w, 10 H2s, 📊 table, ❓ FAQ (6)
  ❌ taxpreparationpros.com/blog/tax-credits-for-homeowners-energy-efficiency-2026/ → tax-preparation

==================================================
🏠 bookkeepingservicespros.com → bookkeeping for ecommerce businesses special needs...
  Researching...
  Generating...
  ✅ 2174w, 8 H2s, 📊 table, ❓ FAQ (6)
  ❌ bookkeepingservicespros.com/blog/bookkeeping-for-ecommerce-businesses-special-needs/ → bookkeeping-services

==================================================
🏠 electricehiclechargerpros.com → EV charger maintenance and troubleshooting guide...
  Researching...
  Generating...
  ✅ 2374w, 7 H2s, 📊 table, ❓ FAQ (6)
  ❌ electricehiclechargerpros.com/blog/ev-charger-maintenance-and-troubleshooting-guide/ → ev-charger

==================================================
🏠 solarpanelinstallpros.com → solar panel maintenance cleaning guide...
  Researching...
  Generating...
  ✅ 2355w, 12 H2s, 📊 table, ❓ FAQ (6)
  ❌ solarpanelinstallpros.com/blog/solar-panel-maintenance-cleaning-guide/ → solar-panel-install

==================================================
🏠 veterinarypros.com → pet emergency signs you need a vet immediately...
  Researching...
  Generating...
  ❌ Failed: IncompleteRead(0 bytes read)
  ⚠️ Retrying (Only 3 words, Missing table, Missing FAQ, Only 0 FAQ items, Only 0 H2s)
  Researching...
  Generating...
  ❌ Failed: IncompleteRead(0 bytes read)
  ✅ 3w, 0 H2s, ❌ table, ❌ FAQ (0)
  ❌ veterinarypros.com/blog/pet-emergency-signs-you-need-a-vet-immediately/ → vete🚀 ALL SITES Content Pipeline — 2026-05-27 05:00
Sites: 23 (5 content + 18 rent)

==================================================
📝 findaiagency.com → AI customer service automation cost benefit analysis...
  Researching...
  Generating...
  ❌ Failed: IncompleteRead(0 bytes read)
  ⚠️ Retrying (Only 3 words, Missing table, Missing FAQ, Only 0 FAQ items, Only 0 H2s)
  Researching...
  Generating...
  ✅ 2744w, 14 H2s, 📊 table, ❓ FAQ (6)
  ❌ blog.findaiagency.com/ai-customer-service-automation-cost-benefit-analysis → blog-findaiagency

==================================================
📝 aiagencycalculator.com → enterprise AI integration pricing tiers...
  Researching...
  Generating...
  ❌ Failed: IncompleteRead(0 bytes read)
  ⚠️ Retrying (Only 3 words, Missing table, Missing FAQ, Only 0 FAQ items, Only 0 H2s)
  Researching...
  Generating...
  ❌ Failed: IncompleteRead(0 bytes read)
  ✅ 3w, 0 H2s, ❌ table, ❌ FAQ (0)
  ❌ blog.aiagencycalculator.com/enterprise-ai-integration-pricing-tiers → blog-aiagencycalc

==================================================
📝 mybusinessaiaudit.com → manufacturing AI automation audit guide...
  Researching...
  Generating...
  ❌ Failed: IncompleteRead(0 bytes read)
  ⚠️ Retrying (Only 3 words, Missing table, Missing FAQ, Only 0 FAQ items, Only 0 H2s)
  Researching...
  Generating...
  ❌ Failed: IncompleteRead(0 bytes read)
  ✅ 3w, 0 H2s, ❌ table, ❌ FAQ (0)
  ❌ blog.mybusinessaiaudit.com/manufacturing-ai-automation-audit-guide → blog-mybusinessaudit

==================================================
📝 ozempicproviders.com → GLP-1 medications for weight loss without diabetes...
  Researching...
  Generating...
  ✅ 2458w, 10 H2s, 📊 table, ❓ FAQ (6)
  ❌ blog.ozempicproviders.com/glp-1-medications-for-weight-loss-without-diabetes → blog-ozempicproviders

==================================================
📝 tariffcalculator2026.com → Section 301 tariffs on China latest updates 2026...
  Researching...
  Generating...
  ❌ Failed: IncompleteRead(0 bytes read)
  ⚠️ Retrying (Only 3 words, Missing table, Missing FAQ, Only 0 FAQ items, Only 0 H2s)
  Researching...
  Generating...
  ✅ 1934w, 12 H2s, 📊 table, ❓ FAQ (7)
  ❌ blog.tariffcalculator2026.com/section-301-tariffs-on-china-latest-updates-2026 → blog-tariffcalculator

==================================================
🏠 hvacmaintenancepros.com → energy efficient HVAC upgrades tax credits 2026...
  Researching...
  Generating...
  ❌ Failed: IncompleteRead(0 bytes read)
  ⚠️ Retrying (Only 3 words, Missing table, Missing FAQ, Only 0 FAQ items, Only 0 H2s)
  Researching...
  Generating...
  ❌ Failed: IncompleteRead(0 bytes read)
  ✅ 3w, 0 H2s, ❌ table, ❌ FAQ (0)
  ❌ hvacmaintenancepros.com/blog/energy-efficient-hvac-upgrades-tax-credits-2026/ → hvac-maintenance

==================================================
🏠 sumpumpplumbers.com → sewer backup prevention systems...
  Researching...
  Generating...
  ✅ 2325w, 10 H2s, 📊 table, ❓ FAQ (7)
  ❌ sumpumpplumbers.com/blog/sewer-backup-prevention-systems/ → sump-pump-plumbers

==================================================
🏠 roofshinglepros.com → roof insurance claim process explained...
  Researching...
  Generating...
  ✅ 2058w, 9 H2s, 📊 table, ❓ FAQ (6)
  ❌ roofshinglepros.com/blog/roof-insurance-claim-process-explained/ → roof-shingle

==================================================
🏠 fencingcontractorspros.com → garden fencing ideas for pets...
  Researching...
  Generating...
  ❌ Failed: IncompleteRead(0 bytes read)
  ⚠️ Retrying (Only 3 words, Missing table, Missing FAQ, Only 0 FAQ items, Only 0 H2s)
  Researching...
  Generating...
  ❌ Failed: IncompleteRead(0 bytes read)
  ✅ 3w, 0 H2s, ❌ table, ❌ FAQ (0)
  ❌ fencingcontractorspros.com/blog/garden-fencing-ideas-for-pets/ → fencing-contractors

==================================================
🏠 smartlightingpros.com → landscape lighting design ideas...
  Researching...
  Generating...
  ✅ 2268w, 10 H2s, 📊 table, ❓ FAQ (7)
  ❌ smartlightingpros.com/blog/landscape-lighting-design-ideas/ → smart-lighting

==================================================
🏠 autobodyrepairpros.com → clear coat repair and restoration guide...
  Researching...
  Generating...
  ✅ 2542w, 14 H2s, 📊 table, ❓ FAQ (6)
  ❌ autobodyrepairpros.com/blog/clear-coat-repair-and-restoration-guide/ → auto-body-repair

==================================================
🏠 handymanservicespros.com → interior painting cost per room estimate...
  Researching...
  Generating...
  ❌ Failed: IncompleteRead(0 bytes read)
  ⚠️ Retrying (Only 3 words, Missing table, Missing FAQ, Only 0 FAQ items, Only 0 H2s)
  Researching...
  Generating...
  ✅ 2131w, 11 H2s, 📊 table, ❓ FAQ (6)
  ❌ handymanservicespros.com/blog/interior-painting-cost-per-room-estimate/ → handyman-services

==================================================
🏠 tireshoppros.com → performance tires vs touring tires comparison...
  Researching...
  Generating...
  ❌ Failed: IncompleteRead(0 bytes read)
  ⚠️ Retrying (Only 3 words, Missing table, Missing FAQ, Only 0 FAQ items, Only 0 H2s)
  Researching...
  Generating...
  ✅ 2268w, 10 H2s, 📊 table, ❓ FAQ (6)
  ❌ tireshoppros.com/blog/performance-tires-vs-touring-tires-comparison/ → tire-shop

==================================================
🏠 personalinjuryattorneypros.com → motorcycle accident injury claims guide...
  Researching...
  Generating...
  ✅ 2093w, 10 H2s, 📊 table, ❓ FAQ (7)
  ❌ personalinjuryattorneypros.com/blog/motorcycle-accident-injury-claims-guide/ → personal-injury-attorney

==================================================
🏠 divorcelawyerpros.com → collaborative divorce pros and cons...
  Researching...
  Generating...
  ❌ Failed: IncompleteRead(0 bytes read)
  ⚠️ Retrying (Only 3 words, Missing table, Missing FAQ, Only 0 FAQ items, Only 0 H2s)
  Researching...
  Generating...
  ❌ Failed: IncompleteRead(0 bytes read)
  ✅ 3w, 0 H2s, ❌ table, ❌ FAQ (0)
  ❌ divorcelawyerpros.com/blog/collaborative-divorce-pros-and-cons/ → divorce-lawyer

==================================================
🏠 taxpreparationpros.com → retirement account tax benefits explained...
  Researching...
  Generating...
  ✅ 2549w, 12 H2s, 📊 table, ❓ FAQ (6)
  ❌ taxpreparationpros.com/blog/retirement-account-tax-benefits-explained/ → tax-preparation

==================================================
🏠 bookkeepingservicespros.com → month end close process step by step...
  Researching...
  Generating...
  ❌ Failed: IncompleteRead(0 bytes read)
  ⚠️ Retrying (Only 3 words, Missing table, Missing FAQ, Only 0 FAQ items, Only 0 H2s)
  Researching...
  Generating...
  ❌ Failed: IncompleteRead(0 bytes read)
  ✅ 3w, 0 H2s, ❌ table, ❌ FAQ (0)
  ❌ bookkeepingservicespros.com/blog/month-end-close-process-step-by-step/ → bookkeeping-services

==================================================
🏠 electricehiclechargerpros.com → apartment EV charging solutions for landlords...
  Researching...
  Generating...
  ✅ 1945w, 11 H2s, 📊 table, ❓ FAQ (7)
  ❌ electricehiclechargerpros.com/blog/apartment-ev-charging-solutions-for-landlords/ → ev-charger

==================================================
🏠 solarpanelinstallpros.com → community solar programs eligibility guide...
  Researching...
  Generating...
  ❌ Failed: IncompleteRead(0 bytes read)
  ⚠️ Retrying (Only 3 words, Missing table, Missing FAQ, Only 0 FAQ items, Only 0 H2s)
  Researching...
  Generating...
  ❌ Failed: IncompleteRead(0 bytes read)
  ✅ 3w, 0 H2s, ❌ table, ❌ FAQ (0)
  ❌ solarpanelinstallpros.com/blog/community-solar-programs-eligibility-guide/ → solar-panel-install

==================================================
🏠 veterinarypros.com → microchipping pets procedure and cost...
  Researching...
  Generating...
  ✅ 2484w, 10 H2s, 📊 table, ❓ FAQ (7)
  ❌ vet🚀 ALL SITES Content Pipeline — 2026-05-28 05:00
Sites: 23 (5 content + 18 rent)

==================================================
📝 findaiagency.com → comparing AI agencies by industry specialization...
  Researching...
  Generating...
  ⚠️ API error (attempt 1/4), retrying in 5s: Response ended prematurely
  ⚠️ API error (attempt 2/4), retrying in 10s: Response ended prematurely
  ⚠️ API error (attempt 3/4), retrying in 20s: Response ended prematurely
  ❌ Failed: Response ended prematurely
  ⚠️ Retrying (Only 3 words, Missing table, Missing FAQ, Only 0 FAQ items, Only 0 H2s)
  Researching...
  Generating...
  ⚠️ API error (attempt 1/4), retrying in 5s: Response ended prematurely
  ✅ 2789w, 10 H2s, 📊 table, ❓ FAQ (6)
  ✅ blog.findaiagency.com/comparing-ai-agencies-by-industry-specialization → findaiagency

==================================================
📝 aiagencycalculator.com → custom AI solution pricing vs SaaS AI tools...
  Researching...
  Generating...
  ✅ 1921w, 14 H2s, 📊 table, ❓ FAQ (6)
  ✅ blog.aiagencycalculator.com/custom-ai-solution-pricing-vs-saas-ai-tools → ai-agency-pricing-calculator

==================================================
📝 mybusinessaiaudit.com → workflow audit for AI automation step by step...
  Researching...
  Generating...
  ⚠️ API error (attempt 1/4), retrying in 5s: Response ended prematurely
  ✅ 2033w, 9 H2s, 📊 table, ❓ FAQ (7)
  ✅ blog.mybusinessaiaudit.com/workflow-audit-for-ai-automation-step-by-step → mybusiness-ai-audit

==================================================
📝 ozempicproviders.com → compounding pharmacy semaglutide safety concerns...
  Researching...
  Generating...
  ✅ 2595w, 11 H2s, 📊 table, ❓ FAQ (6)
  ✅ blog.ozempicproviders.com/compounding-pharmacy-semaglutide-safety-concerns → ozempic-providers-2026

==================================================
📝 tariffcalculator2026.com → tariff impact on US manufacturing supply chains 2026...
  Researching...
  Generating...
  ⚠️ API error (attempt 1/4), retrying in 5s: Response ended prematurely
  ⚠️ API error (attempt 2/4), retrying in 10s: Response ended prematurely
  ⚠️ API error (attempt 3/4), retrying in 20s: Response ended prematurely
  ❌ Failed: Response ended prematurely
  ⚠️ Retrying (Only 3 words, Missing table, Missing FAQ, Only 0 FAQ items, Only 0 H2s)
  Researching...
  Generating...
  ✅ 2038w, 14 H2s, 📊 table, ❓ FAQ (7)
  ✅ blog.tariffcalculator2026.com/tariff-impact-on-us-manufacturing-supply-chains-2026 → tariff-calculator-2026

==================================================
🏠 hvacmaintenancepros.com → heat pump vs furnace which is better...
  Researching...
  Generating...
  ⚠️ API error (attempt 1/4), retrying in 5s: Response ended prematurely
  ⚠️ API error (attempt 2/4), retrying in 10s: Response ended prematurely
  ✅ 2283w, 11 H2s, 📊 table, ❓ FAQ (6)
  ✅ hvacmaintenancepros.com/blog/heat-pump-vs-furnace-which-is-better/ → hvac-maintenance

==================================================
🏠 sumpumpplumbers.com → pedestal vs submersible sump pump pros and cons...
  Researching...
  Generating...
  ✅ 2074w, 11 H2s, 📊 table, ❓ FAQ (7)
  ✅ sumpumpplumbers.com/blog/pedestal-vs-submersible-sump-pump-pros-and-cons/ → sump-pump-plumbers

==================================================
🏠 roofshinglepros.com → underlayment types for roof replacement...
  Researching...
  Generating...
  ⚠️ API error (attempt 1/4), retrying in 5s: Response ended prematurely
  ⚠️ API error (attempt 2/4), retrying in 10s: Response ended prematurely
  ⚠️ API error (attempt 3/4), retrying in 20s: Response ended prematurely
  ❌ Failed: Response ended prematurely
  ⚠️ Retrying (Only 3 words, Missing table, Missing FAQ, Only 0 FAQ items, Only 0 H2s)
  Researching...
  Generating...
  ⚠️ API error (attempt 1/4), retrying in 5s: Response ended prematurely
  ⚠️ API error (attempt 2/4), retrying in 10s: Response ended prematurely
  ⚠️ API error (attempt 3/4), retrying in 20s: Response ended prematurely
  ❌ Failed: Response ended prematurely
  ✅ 3w, 0 H2s, ❌ table, ❌ FAQ (0)
  ✅ roofshinglepros.com/blog/underlayment-types-for-roof-replacement/ → roof-shingle

==================================================
🏠 fencingcontractorspros.com → decorative fencing styles for front yards...
  Researching...
  Generating...
  ✅ 2409w, 10 H2s, 📊 table, ❓ FAQ (7)
  ✅ fencingcontractorspros.com/blog/decorative-fencing-styles-for-front-yards/ → fencing-contractors

==================================================
🏠 smartlightingpros.com → smart lighting for commercial buildings...
  Researching...
  Generating...
  ⚠️ API error (attempt 1/4), retrying in 5s: Response ended prematurely
  ✅ 2514w, 9 H2s, 📊 table, ❓ FAQ (6)
  ✅ smartlightingpros.com/blog/smart-lighting-for-commercial-buildings/ → smart-lighting

==================================================
🏠 autobodyrepairpros.com → collision repair timeline what to expect...
  Researching...
  Generating...
  ⚠️ API error (attempt 1/4), retrying in 5s: Response ended prematurely
  ⚠️ API error (attempt 2/4), retrying in 10s: Response ended prematurely
  ⚠️ API error (attempt 3/4), retrying in 20s: Response ended prematurely
  ❌ Failed: Response ended prematurely
  ⚠️ Retrying (Only 3 words, Missing table, Missing FAQ, Only 0 FAQ items, Only 0 H2s)
  Researching...
  Generating...
  ⚠️ API error (attempt 1/4), retrying in 5s: Response ended prematurely
  ⚠️ API error (attempt 2/4), retrying in 10s: Response ended prematurely
  ⚠️ API error (attempt 3/4), retrying in 20s: Response ended prematurely
  ✅ 2331w, 11 H2s, 📊 table, ❓ FAQ (7)
  ✅ autobodyrepairpros.com/blog/collision-repair-timeline-what-to-expect/ → auto-body-repair

==================================================
🏠 handymanservicespros.com → bathroom caulking and grout repair guide...
  Researching...
  Generating...
  ⚠️ API error (attempt 1/4), retrying in 5s: Response ended prematurely
  ⚠️ API error (attempt 2/4), retrying in 10s: Response ended prematurely
  ⚠️ API error (attempt 3/4), retrying in 20s: Response ended prematurely
  ❌ Failed: Response ended prematurely
  ⚠️ Retrying (Only 3 words, Missing table, Missing FAQ, Only 0 FAQ items, Only 0 H2s)
  Researching...
  Generating...
  ✅ 2247w, 12 H2s, 📊 table, ❓ FAQ (7)
  ✅ handymanservicespros.com/blog/bathroom-caulking-and-grout-repair-guide/ → handyman-services

==================================================
🏠 tireshoppros.com → used tires buying guide what to check...
  Researching...
  Generating...
  ✅ 2377w, 11 H2s, 📊 table, ❓ FAQ (6)
  ✅ tireshoppros.com/blog/used-tires-buying-guide-what-to-check/ → tire-shop

==================================================
🏠 personalinjuryattorneypros.com → pre existing condition personal injury impact...
  Researching...
  Generating...
  ⚠️ API error (attempt 1/4), retrying in 5s: Response ended prematurely
  ⚠️ API error (attempt 2/4), retrying in 10s: Response ended prematurely
  ⚠️ API error (attempt 3/4), retrying in 20s: Response ended prematurely
  ❌ Failed: Response ended prematurely
  ⚠️ Retrying (Only 3 words, Missing table, Missing FAQ, Only 0 FAQ items, Only 0 H2s)
  Researching...
  Generating...
  ⚠️ API error (attempt 1/4), retrying in 5s: Response ended prematurely
  ⚠️ API error (attempt 2/4), retrying in 10s: Response ended prematurely
  ⚠️ API error (attempt 3/4), retrying in 20s: Response ended prematurely
  ✅ 2448w, 11 H2s, 📊 table, ❓ FAQ (6)
  ✅ personalinjuryattorneypros.com/blog/pre-existing-condition-personal-injury-impact/ → personal-injury-attorney

==================================================
🏠 divorcelawyerpros.com → divorce decree violations enforcement options...
  Researching...
  Generating...
  ✅ 2623w, 13 H2s, 📊 table, ❓ FAQ (6)
  ✅ divorcelawyerpros.com/blog/divorce-decree-violations-🚀 ALL SITES Content Pipeline — 2026-05-29 05:00
Sites: 23 (5 content + 18 rent)

==================================================
📝 findaiagency.com → red flags when hiring an AI automation agency...
  Researching...
  Generating...
  ✅ 2684w, 9 H2s, 📊 table, ❓ FAQ (7)
  ✅ blog.findaiagency.com/red-flags-when-hiring-an-ai-automation-agency → findaiagency

==================================================
📝 aiagencycalculator.com → AI implementation cost by industry 2026...
  Researching...
  Generating...
  ✅ 2759w, 13 H2s, 📊 table, ❓ FAQ (7)
  ✅ blog.aiagencycalculator.com/ai-implementation-cost-by-industry-2026 → ai-agency-pricing-calculator

==================================================
📝 mybusinessaiaudit.com → AI skills gap assessment for your team...
  Researching...
  Generating...
  ✅ 2440w, 10 H2s, 📊 table, ❓ FAQ (6)
  ✅ blog.mybusinessaiaudit.com/ai-skills-gap-assessment-for-your-team → mybusiness-ai-audit

==================================================
📝 ozempicproviders.com → insurance prior authorization for GLP-1 medications...
  Researching...
  Generating...
  ✅ 2710w, 13 H2s, 📊 table, ❓ FAQ (6)
  ✅ blog.ozempicproviders.com/insurance-prior-authorization-for-glp-1-medications → ozempic-providers-2026

==================================================
📝 tariffcalculator2026.com → customs valuation methods for import duty calculation...
  Researching...
  Generating...
  ⚠️ Retrying (Only 2 FAQ items)
  Researching...
  Generating...
  ✅ 2866w, 11 H2s, 📊 table, ❓ FAQ (7)
  ✅ blog.tariffcalculator2026.com/customs-valuation-methods-for-import-duty-calculation → tariff-calculator-2026

==================================================
🏠 hvacmaintenancepros.com → how to lower HVAC energy bills...
  Researching...
  Generating...
  ✅ 2006w, 10 H2s, 📊 table, ❓ FAQ (6)
  ✅ hvacmaintenancepros.com/blog/how-to-lower-hvac-energy-bills/ → hvac-maintenance

==================================================
🏠 sumpumpplumbers.com → how to size a sump pump for your basement...
  Researching...
  Generating...
  ✅ 2728w, 10 H2s, 📊 table, ❓ FAQ (7)
  ✅ sumpumpplumbers.com/blog/how-to-size-a-sump-pump-for-your-basement/ → sump-pump-plumbers

==================================================
🏠 roofshinglepros.com → solar panel installation on asphalt shingle roofs...
  Researching...
  Generating...
  ✅ 2966w, 10 H2s, 📊 table, ❓ FAQ (6)
  ✅ roofshinglepros.com/blog/solar-panel-installation-on-asphalt-shingle-roofs/ → roof-shingle

==================================================
🏠 fencingcontractorspros.com → temporary fencing solutions for construction...
  Researching...
  Generating...
  ✅ 1908w, 9 H2s, 📊 table, ❓ FAQ (6)
  ✅ fencingcontractorspros.com/blog/temporary-fencing-solutions-for-construction/ → fencing-contractors

==================================================
🏠 smartlightingpros.com → voice controlled lighting setup guide...
  Researching...
  Generating...
  ✅ 2304w, 10 H2s, 📊 table, ❓ FAQ (7)
  ✅ smartlightingpros.com/blog/voice-controlled-lighting-setup-guide/ → smart-lighting

==================================================
🏠 autobodyrepairpros.com → color matching auto paint accuracy guide...
  Researching...
  Generating...
  ✅ 2451w, 11 H2s, 📊 table, ❓ FAQ (7)
  ✅ autobodyrepairpros.com/blog/color-matching-auto-paint-accuracy-guide/ → auto-body-repair

==================================================
🏠 handymanservicespros.com → outdoor faucet repair and winterization...
  Researching...
  Generating...
  ✅ 2866w, 11 H2s, 📊 table, ❓ FAQ (7)
  ✅ handymanservicespros.com/blog/outdoor-faucet-repair-and-winterization/ → handyman-services

==================================================
🏠 tireshoppros.com → off road tire types for 4x4 vehicles...
  Researching...
  Generating...
  ✅ 2712w, 10 H2s, 📊 table, ❓ FAQ (7)
  ✅ tireshoppros.com/blog/off-road-tire-types-for-4x4-vehicles/ → tire-shop

==================================================
🏠 personalinjuryattorneypros.com → insurance adjuster tactics what to know...
  Researching...
  Generating...
  ✅ 2917w, 12 H2s, 📊 table, ❓ FAQ (6)
  ✅ personalinjuryattorneypros.com/blog/insurance-adjuster-tactics-what-to-know/ → personal-injury-attorney

==================================================
🏠 divorcelawyerpros.com → legal separation vs divorce key differences...
  Researching...
  Generating...
  ✅ 2802w, 15 H2s, 📊 table, ❓ FAQ (6)
  ✅ divorcelawyerpros.com/blog/legal-separation-vs-divorce-key-differences/ → divorce-lawyer

==================================================
🏠 taxpreparationpros.com → gig economy tax filing requirements...
  Researching...
  Generating...
  ✅ 2551w, 11 H2s, 📊 table, ❓ FAQ (7)
  ✅ taxpreparationpros.com/blog/gig-economy-tax-filing-requirements/ → tax-preparation

==================================================
🏠 bookkeepingservicespros.com → outsourced accounting cost benefit analysis...
  Researching...
  Generating...
  ✅ 2281w, 10 H2s, 📊 table, ❓ FAQ (6)
  ✅ bookkeepingservicespros.com/blog/outsourced-accounting-cost-benefit-analysis/ → bookkeeping-services

==================================================
🏠 electricehiclechargerpros.com → battery degradation and charging habits...
  Researching...
  Generating...
  ✅ 2450w, 12 H2s, 📊 table, ❓ FAQ (6)
  ✅ electricehiclechargerpros.com/blog/battery-degradation-and-charging-habits/ → ev-charger

==================================================
🏠 solarpanelinstallpros.com → solar net metering policies by state...
  Researching...
  Generating...
  ✅ 2563w, 11 H2s, 📊 table, ❓ FAQ (7)
  ✅ solarpanelinstallpros.com/blog/solar-net-metering-policies-by-state/ → solar-panel-install

==================================================
🏠 veterinarypros.com → exotic pet veterinary care special requirements...
  Researching...
  Generating...
  ✅ 2886w, 9 H2s, 📊 table, ❓ FAQ (6)
  ✅ veterinarypros.com/blog/exotic-pet-veterinary-care-special-requirements/ → veterinary

==================================================
🏠 mobiletreeremoval.com → brush and debris removal after tree work...
  Researching...
  Generating...
  ✅ 2576w, 11 H2s, 📊 table, ❓ FAQ (7)
  ✅ mobiletreeremoval.com/blog/brush-and-debris-removal-after-tree-work/ → mobile-treeremoval

==================================================
🏠 generatorinstallationreno.com → generator warranty what is covered...
  Researching...
  Generating...
  ✅ 2569w, 12 H2s, 📊 table, ❓ FAQ (6)
  ✅ generatorinstallationreno.com/blog/generator-warranty-what-is-covered/ → reno-generator

==================================================
🏠 tulsaseptic.com → gray water systems for septic compatibility...
  Researching...
  Generating...
  ✅ 2567w, 11 H2s, 📊 table, ❓ FAQ (6)
  ✅ tulsaseptic.com/blog/gray-water-systems-for-septic-compatibility/ → tulsa-septic

==================================================
✅ COMPLETE: 23 articles
  Content sites: 5/5 deployed
  Rent/R&R sites: 18/18 deployed
🎯 Quality pass: 23/23
🚀 ALL SITES Content Pipeline — 2026-05-30 05:00
Sites: 23 (5 content + 18 rent)

==================================================
📝 findaiagency.com → AI agency pricing negotiation strategies...
  Researching...
  Generating...
  ✅ 2336w, 11 H2s, 📊 table, ❓ FAQ (6)
  ✅ blog.findaiagency.com/ai-agency-pricing-negotiation-strategies → findaiagency

==================================================
📝 aiagencycalculator.com → total cost of ownership AI automation 3 year model...
  Researching...
  Generating...
  ✅ 1985w, 12 H2s, 📊 table, ❓ FAQ (6)
  ✅ blog.aiagencycalculator.com/total-cost-of-ownership-ai-automation-3-year-model → ai-agency-pricing-calculator

==================================================
📝 mybusinessaiaudit.com → ROI projection methods for AI automation investments...
  Researching...
  Generating...
  ✅ 2645w, 13 H2s, 📊 table, ❓ FAQ (6)
  ✅ blog.mybusinessaiaudit.com/roi-projection-methods-for-ai-automation-investments → mybusiness-ai-audit

==================================================
📝 ozempicproviders.com → long term health effects of GLP-1 receptor agonists...
  Researching...
  Generating...
  ✅ 3026w, 15 H2s, 📊 table, ❓ FAQ (6)
  ✅ blog.ozempicproviders.com/long-term-health-effects-of-glp-1-receptor-agonists → ozempic-providers-2026

==================================================
📝 tariffcalculator2026.com → USMCA tariff benefits qualification requirements 2026...
  Researching...
  Generating...
  ✅ 2472w, 10 H2s, 📊 table, ❓ FAQ (7)
  ✅ blog.tariffcalculator2026.com/usmca-tariff-benefits-qualification-requirements-2026 → tariff-calculator-2026

==================================================
🏠 hvacmaintenancepros.com → refrigerant leak detection and repair guide...
  Researching...
  Generating...
  ✅ 2379w, 11 H2s, 📊 table, ❓ FAQ (6)
  ✅ hvacmaintenancepros.com/blog/refrigerant-leak-detection-and-repair-guide/ → hvac-maintenance

==================================================
🏠 sumpumpplumbers.com → discharge line maintenance and freeze prevention...
  Researching...
  Generating...
  ✅ 2591w, 12 H2s, 📊 table, ❓ FAQ (7)
  ✅ sumpumpplumbers.com/blog/discharge-line-maintenance-and-freeze-prevention/ → sump-pump-plumbers

==================================================
🏠 roofshinglepros.com → roof color selection guide energy efficiency...
  Researching...
  Generating...
  ✅ 2716w, 12 H2s, 📊 table, ❓ FAQ (6)
  ✅ roofshinglepros.com/blog/roof-color-selection-guide-energy-efficiency/ → roof-shingle

==================================================
🏠 fencingcontractorspros.com → fence permit requirements by city guide...
  Researching...
  Generating...
  ✅ 2356w, 13 H2s, 📊 table, ❓ FAQ (6)
  ✅ fencingcontractorspros.com/blog/fence-permit-requirements-by-city-guide/ → fencing-contractors

==================================================
🏠 smartlightingpros.com → smart light bulb vs smart switch comparison...
  Researching...
  Generating...
  ✅ 2988w, 15 H2s, 📊 table, ❓ FAQ (6)
  ✅ smartlightingpros.com/blog/smart-light-bulb-vs-smart-switch-comparison/ → smart-lighting

==================================================
🏠 autobodyrepairpros.com → mobile auto body repair convenience and limits...
  Researching...
  Generating...
  ✅ 2325w, 11 H2s, 📊 table, ❓ FAQ (6)
  ✅ autobodyrepairpros.com/blog/mobile-auto-body-repair-convenience-and-limits/ → auto-body-repair

==================================================
🏠 handymanservicespros.com → home maintenance checklist seasonal guide...
  Researching...
  Generating...
  ✅ 2724w, 13 H2s, 📊 table, ❓ FAQ (6)
  ✅ handymanservicespros.com/blog/home-maintenance-checklist-seasonal-guide/ → handyman-services

==================================================
🏠 tireshoppros.com → tire warranty and road hazard protection explained...
  Researching...
  Generating...
  ✅ 3714w, 11 H2s, 📊 table, ❓ FAQ (6)
  ✅ tireshoppros.com/blog/tire-warranty-and-road-hazard-protection-explained/ → tire-shop

==================================================
🏠 personalinjuryattorneypros.com → settlement vs trial which is better for your case...
  Researching...
  Generating...
  ✅ 1955w, 11 H2s, 📊 table, ❓ FAQ (6)
  ✅ personalinjuryattorneypros.com/blog/settlement-vs-trial-which-is-better-for-your-case/ → personal-injury-attorney

==================================================
🏠 divorcelawyerpros.com → divorce financial checklist for protection...
  Researching...
  Generating...
  ✅ 3106w, 13 H2s, 📊 table, ❓ FAQ (6)
  ✅ divorcelawyerpros.com/blog/divorce-financial-checklist-for-protection/ → divorce-lawyer

==================================================
🏠 taxpreparationpros.com → tax extension filing what you need to know...
  Researching...
  Generating...
  ✅ 2711w, 14 H2s, 📊 table, ❓ FAQ (7)
  ✅ taxpreparationpros.com/blog/tax-extension-filing-what-you-need-to-know/ → tax-preparation

==================================================
🏠 bookkeepingservicespros.com → bookkeeping mistakes that trigger IRS audits...
  Researching...
  Generating...
  ✅ 2819w, 11 H2s, 📊 table, ❓ FAQ (6)
  ✅ bookkeepingservicespros.com/blog/bookkeeping-mistakes-that-trigger-irs-audits/ → bookkeeping-services

==================================================
🏠 electricehiclechargerpros.com → smart EV charger features WiFi scheduling explained...
  Researching...
  Generating...
  ✅ 3389w, 11 H2s, 📊 table, ❓ FAQ (7)
  ✅ electricehiclechargerpros.com/blog/smart-ev-charger-features-wifi-scheduling-explained/ → ev-charger

==================================================
🏠 solarpanelinstallpros.com → solar panel degradation rate and warranty explained...
  Researching...
  Generating...
  ✅ 2877w, 10 H2s, 📊 table, ❓ FAQ (6)
  ✅ solarpanelinstallpros.com/blog/solar-panel-degradation-rate-and-warranty-explained/ → solar-panel-install

==================================================
🏠 veterinarypros.com → pet nutrition commercial vs raw diet comparison...
  Researching...
  Generating...
  ✅ 2217w, 11 H2s, 📊 table, ❓ FAQ (6)
  ✅ veterinarypros.com/blog/pet-nutrition-commercial-vs-raw-diet-comparison/ → veterinary

==================================================
🏠 mobiletreeremoval.com → tree root damage to foundation solutions...
  Researching...
  Generating...
  ✅ 2486w, 10 H2s, 📊 table, ❓ FAQ (7)
  ✅ mobiletreeremoval.com/blog/tree-root-damage-to-foundation-solutions/ → mobile-treeremoval

==================================================
🏠 generatorinstallationreno.com → battery backup power station vs generator...
  Researching...
  Generating...
  ✅ 2173w, 11 H2s, 📊 table, ❓ FAQ (7)
  ✅ generatorinstallationreno.com/blog/battery-backup-power-station-vs-generator/ → reno-generator

==================================================
🏠 tulsaseptic.com → septic system failure health and environmental risks...
  Researching...
  Generating...
  ✅ 3164w, 10 H2s, 📊 table, ❓ FAQ (6)
  ✅ tulsaseptic.com/blog/septic-system-failure-health-and-environmental-risks/ → tulsa-septic

==================================================
✅ COMPLETE: 23 articles
  Content sites: 5/5 deployed
  Rent/R&R sites: 18/18 deployed
🎯 Quality pass: 23/23
🚀 ALL SITES Content Pipeline — 2026-05-31 05:00
Sites: 23 (5 content + 18 rent)

==================================================
📝 findaiagency.com → how much does an AI agency cost in 2026...
  Researching...
  Generating...
  ✅ 2371w, 11 H2s, 📊 table, ❓ FAQ (6)
  ✅ blog.findaiagency.com/how-much-does-an-ai-agency-cost-in-2026 → findaiagency

==================================================
📝 aiagencycalculator.com → AI automation pricing guide 2026...
  Researching...
  Generating...
  ✅ 2405w, 11 H2s, 📊 table, ❓ FAQ (6)
  ✅ blog.aiagencycalculator.com/ai-automation-pricing-guide-2026 → ai-agency-pricing-calculator

==================================================
📝 mybusinessaiaudit.com → is my business ready for AI...
  Researching...
  Generating...
  ✅ 2464w, 11 H2s, 📊 table, ❓ FAQ (6)
  ✅ blog.mybusinessaiaudit.com/is-my-business-ready-for-ai → mybusiness-ai-audit

==================================================
📝 ozempicproviders.com → how to get Ozempic prescription online 2026...
  Researching...
  Generating...
  ✅ 2554w, 12 H2s, 📊 table, ❓ FAQ (7)
  ✅ blog.ozempicproviders.com/how-to-get-ozempic-prescription-online-2026 → ozempic-providers-2026

==================================================
📝 tariffcalculator2026.com → US tariff rates 2026 by country...
  Researching...
  Generating...
  ✅ 2659w, 9 H2s, 📊 table, ❓ FAQ (6)
  ✅ blog.tariffcalculator2026.com/us-tariff-rates-2026-by-country → tariff-calculator-2026

==================================================
🏠 hvacmaintenancepros.com → how often should you service your HVAC system...
  Researching...
  Generating...
  ✅ 2819w, 12 H2s, 📊 table, ❓ FAQ (6)
  ✅ hvacmaintenancepros.com/blog/how-often-should-you-service-your-hvac-system/ → hvac-maintenance

==================================================
🏠 sumpumpplumbers.com → how does a sump pump work...
  Researching...
  Generating...
  ✅ 2607w, 10 H2s, 📊 table, ❓ FAQ (6)
  ✅ sumpumpplumbers.com/blog/how-does-a-sump-pump-work/ → sump-pump-plumbers

==================================================
🏠 roofshinglepros.com → how long do asphalt shingles last...
  Researching...
  Generating...
  ✅ 2495w, 12 H2s, 📊 table, ❓ FAQ (6)
  ✅ roofshinglepros.com/blog/how-long-do-asphalt-shingles-last/ → roof-shingle

==================================================
🏠 fencingcontractorspros.com → wood vs vinyl fencing cost comparison...
  Researching...
  Generating...
  ✅ 2158w, 11 H2s, 📊 table, ❓ FAQ (6)
  ✅ fencingcontractorspros.com/blog/wood-vs-vinyl-fencing-cost-comparison/ → fencing-contractors

==================================================
🏠 smartlightingpros.com → smart lighting installation cost guide 2026...
  Researching...
  Generating...
  ✅ 2294w, 11 H2s, 📊 table, ❓ FAQ (6)
  ✅ smartlightingpros.com/blog/smart-lighting-installation-cost-guide-2026/ → smart-lighting

==================================================
🏠 autobodyrepairpros.com → auto body repair cost estimate guide 2026...
  Researching...
  Generating...
  ✅ 2488w, 12 H2s, 📊 table, ❓ FAQ (7)
  ✅ autobodyrepairpros.com/blog/auto-body-repair-cost-estimate-guide-2026/ → auto-body-repair

==================================================
🏠 handymanservicespros.com → handyman hourly rates by job type 2026...
  Researching...
  Generating...
  ✅ 2463w, 11 H2s, 📊 table, ❓ FAQ (6)
  ✅ handymanservicespros.com/blog/handyman-hourly-rates-by-job-type-2026/ → handyman-services

==================================================
🏠 tireshoppros.com → new tire cost guide 2026 by brand...
  Researching...
  Generating...
  ✅ 2886w, 12 H2s, 📊 table, ❓ FAQ (7)
  ✅ tireshoppros.com/blog/new-tire-cost-guide-2026-by-brand/ → tire-shop

==================================================
🏠 personalinjuryattorneypros.com → personal injury lawyer fees contingency explained...
  Researching...
  Generating...
  ✅ 2549w, 14 H2s, 📊 table, ❓ FAQ (6)
  ✅ personalinjuryattorneypros.com/blog/personal-injury-lawyer-fees-contingency-explained/ → personal-injury-attorney

==================================================
🏠 divorcelawyerpros.com → divorce lawyer cost retainer vs hourly 2026...
  Researching...
  Generating...
  ✅ 2952w, 12 H2s, 📊 table, ❓ FAQ (7)
  ✅ divorcelawyerpros.com/blog/divorce-lawyer-cost-retainer-vs-hourly-2026/ → divorce-lawyer

==================================================
🏠 taxpreparationpros.com → tax preparation cost 2026 CPA vs software...
  Researching...
  Generating...
  ✅ 2781w, 12 H2s, 📊 table, ❓ FAQ (6)
  ✅ taxpreparationpros.com/blog/tax-preparation-cost-2026-cpa-vs-software/ → tax-preparation

==================================================
🏠 bookkeepingservicespros.com → bookkeeping service cost monthly rates 2026...
  Researching...
  Generating...
  ✅ 2322w, 10 H2s, 📊 table, ❓ FAQ (6)
  ✅ bookkeepingservicespros.com/blog/bookkeeping-service-cost-monthly-rates-2026/ → bookkeeping-services

==================================================
🏠 electricehiclechargerpros.com → EV charger installation cost 2026 home and commercial...
  Researching...
  Generating...
  ✅ 2105w, 11 H2s, 📊 table, ❓ FAQ (7)
  ✅ electricehiclechargerpros.com/blog/ev-charger-installation-cost-2026-home-and-commercial/ → ev-charger

==================================================
🏠 solarpanelinstallpros.com → solar panel installation cost 2026 full breakdown...
  Researching...
  Generating...
  ⚠️ Retrying (Only 2 FAQ items)
  Researching...
  Generating...
  ✅ 2148w, 10 H2s, 📊 table, ❓ FAQ (7)
  ✅ solarpanelinstallpros.com/blog/solar-panel-installation-cost-2026-full-breakdown/ → solar-panel-install

==================================================
🏠 veterinarypros.com → dog vaccination schedule what is really needed...
  Researching...
  Generating...
  ✅ 2594w, 12 H2s, 📊 table, ❓ FAQ (6)
  ✅ veterinarypros.com/blog/dog-vaccination-schedule-what-is-really-needed/ → veterinary

==================================================
🏠 mobiletreeremoval.com → tree removal cost guide 2026 by tree size...
  Researching...
  Generating...
  ✅ 2852w, 13 H2s, 📊 table, ❓ FAQ (7)
  ✅ mobiletreeremoval.com/blog/tree-removal-cost-guide-2026-by-tree-size/ → mobile-treeremoval

==================================================
🏠 generatorinstallationreno.com → generator installation cost 2026 home standby...
  Researching...
  Generating...
  ✅ 2322w, 11 H2s, 📊 table, ❓ FAQ (6)
  ✅ generatorinstallationreno.com/blog/generator-installation-cost-2026-home-standby/ → reno-generator

==================================================
🏠 tulsaseptic.com → septic tank pumping frequency and cost 2026...
  Researching...
  Generating...
  ✅ 2391w, 12 H2s, 📊 table, ❓ FAQ (6)
  ✅ tulsaseptic.com/blog/septic-tank-pumping-frequency-and-cost-2026/ → tulsa-septic

==================================================
✅ COMPLETE: 23 articles
  Content sites: 5/5 deployed
  Rent/R&R sites: 18/18 deployed
🎯 Quality pass: 23/23
🚀 ALL SITES Content Pipeline — 2026-06-01 05:00
Sites: 23 (5 content + 18 rent)

==================================================
📝 findaiagency.com → how much does an AI agency cost in 2026...
  Researching...
  Generating...
  ✅ 2297w, 11 H2s, 📊 table, ❓ FAQ (6)
  ✅ blog.findaiagency.com/how-much-does-an-ai-agency-cost-in-2026 → findaiagency

==================================================
📝 aiagencycalculator.com → AI automation pricing guide 2026...
  Researching...
  Generating...
  ✅ 2218w, 13 H2s, 📊 table, ❓ FAQ (7)
  ✅ blog.aiagencycalculator.com/ai-automation-pricing-guide-2026 → ai-agency-pricing-calculator

==================================================
📝 mybusinessaiaudit.com → is my business ready for AI...
  Researching...
  Generating...
  ✅ 2231w, 11 H2s, 📊 table, ❓ FAQ (7)
  ✅ blog.mybusinessaiaudit.com/is-my-business-ready-for-ai → mybusiness-ai-audit

==================================================
📝 ozempicproviders.com → how to get Ozempic prescription online 2026...
  Researching...
  Generating...
  ✅ 2018w, 12 H2s, 📊 table, ❓ FAQ (6)
  ✅ blog.ozempicproviders.com/how-to-get-ozempic-prescription-online-2026 → ozempic-providers-2026

==================================================
📝 tariffcalculator2026.com → US tariff rates 2026 by country...
  Researching...
  Generating...
  ✅ 2259w, 8 H2s, 📊 table, ❓ FAQ (6)
  ✅ blog.tariffcalculator2026.com/us-tariff-rates-2026-by-country → tariff-calculator-2026

==================================================
🏠 hvacmaintenancepros.com → how often should you service your HVAC system...
  Researching...
  Generating...
  ✅ 2657w, 11 H2s, 📊 table, ❓ FAQ (6)
  ✅ hvacmaintenancepros.com/blog/how-often-should-you-service-your-hvac-system/ → hvac-maintenance

==================================================
🏠 sumpumpplumbers.com → how does a sump pump work...
  Researching...
  Generating...
  ✅ 3517w, 14 H2s, 📊 table, ❓ FAQ (7)
  ✅ sumpumpplumbers.com/blog/how-does-a-sump-pump-work/ → sump-pump-plumbers

==================================================
🏠 roofshinglepros.com → how long do asphalt shingles last...
  Researching...
  Generating...
  ✅ 2467w, 11 H2s, 📊 table, ❓ FAQ (6)
  ✅ roofshinglepros.com/blog/how-long-do-asphalt-shingles-last/ → roof-shingle

==================================================
🏠 fencingcontractorspros.com → wood vs vinyl fencing cost comparison...
  Researching...
  Generating...
  ✅ 2732w, 14 H2s, 📊 table, ❓ FAQ (6)
  ✅ fencingcontractorspros.com/blog/wood-vs-vinyl-fencing-cost-comparison/ → fencing-contractors

==================================================
🏠 smartlightingpros.com → smart lighting installation cost guide 2026...
  Researching...
  Generating...
  ✅ 2195w, 10 H2s, 📊 table, ❓ FAQ (6)
  ✅ smartlightingpros.com/blog/smart-lighting-installation-cost-guide-2026/ → smart-lighting

==================================================
🏠 autobodyrepairpros.com → auto body repair cost estimate guide 2026...
  Researching...
  Generating...
  ✅ 2303w, 11 H2s, 📊 table, ❓ FAQ (6)
  ✅ autobodyrepairpros.com/blog/auto-body-repair-cost-estimate-guide-2026/ → auto-body-repair

==================================================
🏠 handymanservicespros.com → handyman hourly rates by job type 2026...
  Researching...
  Generating...
  ✅ 2011w, 12 H2s, 📊 table, ❓ FAQ (6)
  ✅ handymanservicespros.com/blog/handyman-hourly-rates-by-job-type-2026/ → handyman-services

==================================================
🏠 tireshoppros.com → new tire cost guide 2026 by brand...
  Researching...
  Generating...
  ✅ 2267w, 12 H2s, 📊 table, ❓ FAQ (6)
  ✅ tireshoppros.com/blog/new-tire-cost-guide-2026-by-brand/ → tire-shop

==================================================
🏠 personalinjuryattorneypros.com → personal injury lawyer fees contingency explained...
  Researching...
  Generating...
  ✅ 1987w, 11 H2s, 📊 table, ❓ FAQ (6)
  ✅ personalinjuryattorneypros.com/blog/personal-injury-lawyer-fees-contingency-explained/ → personal-injury-attorney

==================================================
🏠 divorcelawyerpros.com → divorce lawyer cost retainer vs hourly 2026...
  Researching...
  Generating...
  ✅ 2185w, 9 H2s, 📊 table, ❓ FAQ (6)
  ✅ divorcelawyerpros.com/blog/divorce-lawyer-cost-retainer-vs-hourly-2026/ → divorce-lawyer

==================================================
🏠 taxpreparationpros.com → tax preparation cost 2026 CPA vs software...
  Researching...
  Generating...
  ✅ 2340w, 12 H2s, 📊 table, ❓ FAQ (6)
  ✅ taxpreparationpros.com/blog/tax-preparation-cost-2026-cpa-vs-software/ → tax-preparation

==================================================
🏠 bookkeepingservicespros.com → bookkeeping service cost monthly rates 2026...
  Researching...
  Generating...
  ✅ 2576w, 12 H2s, 📊 table, ❓ FAQ (7)
  ✅ bookkeepingservicespros.com/blog/bookkeeping-service-cost-monthly-rates-2026/ → bookkeeping-services

==================================================
🏠 electricehiclechargerpros.com → EV charger installation cost 2026 home and commercial...
  Researching...
  Generating...
  ✅ 1879w, 13 H2s, 📊 table, ❓ FAQ (7)
  ✅ electricehiclechargerpros.com/blog/ev-charger-installation-cost-2026-home-and-commercial/ → ev-charger

==================================================
🏠 solarpanelinstallpros.com → solar panel installation cost 2026 full breakdown...
  Researching...
  Generating...
  ✅ 2109w, 10 H2s, 📊 table, ❓ FAQ (6)
  ✅ solarpanelinstallpros.com/blog/solar-panel-installation-cost-2026-full-breakdown/ → solar-panel-install

==================================================
🏠 veterinarypros.com → dog vaccination schedule what is really needed...
  Researching...
  Generating...
  ✅ 2807w, 10 H2s, 📊 table, ❓ FAQ (6)
  ✅ veterinarypros.com/blog/dog-vaccination-schedule-what-is-really-needed/ → veterinary

==================================================
🏠 mobiletreeremoval.com → tree removal cost guide 2026 by tree size...
  Researching...
  Generating...
  ✅ 2613w, 11 H2s, 📊 table, ❓ FAQ (6)
  ✅ mobiletreeremoval.com/blog/tree-removal-cost-guide-2026-by-tree-size/ → mobile-treeremoval

==================================================
🏠 generatorinstallationreno.com → generator installation cost 2026 home standby...
  Researching...
  Generating...
  ✅ 2224w, 10 H2s, 📊 table, ❓ FAQ (7)
  ✅ generatorinstallationreno.com/blog/generator-installation-cost-2026-home-standby/ → reno-generator

==================================================
🏠 tulsaseptic.com → septic tank pumping frequency and cost 2026...
  Researching...
  Generating...
  ✅ 2506w, 12 H2s, 📊 table, ❓ FAQ (6)
  ✅ tulsaseptic.com/blog/septic-tank-pumping-frequency-and-cost-2026/ → tulsa-septic

==================================================
✅ COMPLETE: 23 articles
  Content sites: 5/5 deployed
  Rent/R&R sites: 18/18 deployed
🎯 Quality pass: 23/23
/Users/brentdubose/.hermes/scripts/all-sites-pipeline.sh: line 25: timeout: command not found
/Users/brentdubose/.hermes/scripts/all-sites-pipeline.sh: line 25: timeout: command not found
/Users/brentdubose/.hermes/scripts/all-sites-pipeline.sh: line 25: timeout: command not found
/Users/brentdubose/.hermes/scripts/all-sites-pipeline.sh: line 25: timeout: command not found
/Users/brentdubose/.hermes/scripts/all-sites-pipeline.sh: line 25: timeout: command not found
/Users/brentdubose/.hermes/scripts/all-sites-pipeline.sh: line 31: timeout: command not found
/Users/brentdubose/.hermes/scripts/all-sites-pipeline.sh: line 31: timeout: command not found
/Users/brentdubose/.hermes/scripts/all-sites-pipeline.sh: line 31: timeout: command not found
/Users/brentdubose/.hermes/scripts/all-sites-pipeline.sh: line 31: timeout: command not found
/Users/brentdubose/.hermes/scripts/all-sites-pipeline.sh: line 31: timeout: command not found
/Users/brentdubose/.hermes/scripts/all-sites-pipeline.sh: line 31: timeout: command not found
/Users/brentdubose/.hermes/scripts/all-sites-pipeline.sh: line 37: timeout: command not found
/Users/brentdubose/.hermes/scripts/all-sites-pipeline.sh: line 37: timeout: command not found
/Users/brentdubose/.hermes/scripts/all-sites-pipeline.sh: line 37: timeout: command not found
/Users/brentdubose/.hermes/scripts/all-sites-pipeline.sh: line 37: timeout: command not found
/Users/brentdubose/.hermes/scripts/all-sites-pipeline.sh: line 37: timeout: command not found
/Users/brentdubose/.hermes/scripts/all-sites-pipeline.sh: line 37: timeout: command not found
/Users/brentdubose/.hermes/scripts/all-sites-pipeline.sh: line 43: timeout: command not found
/Users/brentdubose/.hermes/scripts/all-sites-pipeline.sh: line 43: timeout: command not found
/Users/brentdubose/.hermes/scripts/all-sites-pipeline.sh: line 43: timeout: command not found
/Users/brentdubose/.hermes/scripts/all-sites-pipeline.sh: line 43: timeout: command not found
/Users/brentdubose/.hermes/scripts/all-sites-pipeline.sh: line 43: timeout: command not found
/Users/brentdubose/.hermes/scripts/all-sites-pipeline.sh: line 43: timeout: command not found
/Users/brentdubose/.hermes/scripts/all-sites-pipeline.sh: line 25: timeout: command not found
/Users/brentdubose/.hermes/scripts/all-sites-pipeline.sh: line 25: timeout: command not found
/Users/brentdubose/.hermes/scripts/all-sites-pipeline.sh: line 25: timeout: command not found
/Users/brentdubose/.hermes/scripts/all-sites-pipeline.sh: line 25: timeout: command not found
/Users/brentdubose/.hermes/scripts/all-sites-pipeline.sh: line 25: timeout: command not found
/Users/brentdubose/.hermes/scripts/all-sites-pipeline.sh: line 31: timeout: command not found
/Users/brentdubose/.hermes/scripts/all-sites-pipeline.sh: line 31: timeout: command not found
/Users/brentdubose/.hermes/scripts/all-sites-pipeline.sh: line 31: timeout: command not found
/Users/brentdubose/.hermes/scripts/all-sites-pipeline.sh: line 31: timeout: command not found
/Users/brentdubose/.hermes/scripts/all-sites-pipeline.sh: line 31: timeout: command not found
/Users/brentdubose/.hermes/scripts/all-sites-pipeline.sh: line 31: timeout: command not found
/Users/brentdubose/.hermes/scripts/all-sites-pipeline.sh: line 37: timeout: command not found
/Users/brentdubose/.hermes/scripts/all-sites-pipeline.sh: line 37: timeout: command not found
/Users/brentdubose/.hermes/scripts/all-sites-pipeline.sh: line 37: timeout: command not found
/Users/brentdubose/.hermes/scripts/all-sites-pipeline.sh: line 37: timeout: command not found
/Users/brentdubose/.hermes/scripts/all-sites-pipeline.sh: line 37: timeout: command not found
/Users/brentdubose/.hermes/scripts/all-sites-pipeline.sh: line 37: timeout: command not found
/Users/brentdubose/.hermes/scripts/all-sites-pipeline.sh: line 43: timeout: command not found
/Users/brentdubose/.hermes/scripts/all-sites-pipeline.sh: line 43: timeout: command not found
/Users/brentdubose/.hermes/scripts/all-sites-pipeline.sh: line 43: timeout: command not found
/Users/brentdubose/.hermes/scripts/all-sites-pipeline.sh: line 43: timeout: command not found
/Users/brentdubose/.hermes/scripts/all-sites-pipeline.sh: line 43: timeout: command not found
/Users/brentdubose/.hermes/scripts/all-sites-pipeline.sh: line 43: timeout: command not found
/Users/brentdubose/.hermes/scripts/all-sites-pipeline.sh: line 25: timeout: command not found
/Users/brentdubose/.hermes/scripts/all-sites-pipeline.sh: line 25: timeout: command not found
/Users/brentdubose/.hermes/scripts/all-sites-pipeline.sh: line 25: timeout: command not found
/Users/brentdubose/.hermes/scripts/all-sites-pipeline.sh: line 25: timeout: command not found
/Users/brentdubose/.hermes/scripts/all-sites-pipeline.sh: line 25: timeout: command not found
/Users/brentdubose/.hermes/scripts/all-sites-pipeline.sh: line 31: timeout: command not found
/Users/brentdubose/.hermes/scripts/all-sites-pipeline.sh: line 31: timeout: command not found
/Users/brentdubose/.hermes/scripts/all-sites-pipeline.sh: line 31: timeout: command not found
/Users/brentdubose/.hermes/scripts/all-sites-pipeline.sh: line 31: timeout: command not found
/Users/brentdubose/.hermes/scripts/all-sites-pipeline.sh: line 31: timeout: command not found
/Users/brentdubose/.hermes/scripts/all-sites-pipeline.sh: line 31: timeout: command not found
/Users/brentdubose/.hermes/scripts/all-sites-pipeline.sh: line 37: timeout: command not found
/Users/brentdubose/.hermes/scripts/all-sites-pipeline.sh: line 37: timeout: command not found
/Users/brentdubose/.hermes/scripts/all-sites-pipeline.sh: line 37: timeout: command not found
/Users/brentdubose/.hermes/scripts/all-sites-pipeline.sh: line 37: timeout: command not found
/Users/brentdubose/.hermes/scripts/all-sites-pipeline.sh: line 37: timeout: command not found
/Users/brentdubose/.hermes/scripts/all-sites-pipeline.sh: line 37: timeout: command not found
/Users/brentdubose/.hermes/scripts/all-sites-pipeline.sh: line 43: timeout: command not found
/Users/brentdubose/.hermes/scripts/all-sites-pipeline.sh: line 43: timeout: command not found
/Users/brentdubose/.hermes/scripts/all-sites-pipeline.sh: line 43: timeout: command not found
/Users/brentdubose/.hermes/scripts/all-sites-pipeline.sh: line 43: timeout: command not found
/Users/brentdubose/.hermes/scripts/all-sites-pipeline.sh: line 43: timeout: command not found
/Users/brentdubose/.hermes/scripts/all-sites-pipeline.sh: line 43: timeout: command not found
/Users/brentdubose/.hermes/scripts/all-sites-pipeline.sh: line 25: timeout: command not found
/Users/brentdubose/.hermes/scripts/all-sites-pipeline.sh: line 25: timeout: command not found
/Users/brentdubose/.hermes/scripts/all-sites-pipeline.sh: line 25: timeout: command not found
/Users/brentdubose/.hermes/scripts/all-sites-pipeline.sh: line 25: timeout: command not found
/Users/brentdubose/.hermes/scripts/all-sites-pipeline.sh: line 25: timeout: command not found
/Users/brentdubose/.hermes/scripts/all-sites-pipeline.sh: line 31: timeout: command not found
/Users/brentdubose/.hermes/scripts/all-sites-pipeline.sh: line 31: timeout: command not found
/Users/brentdubose/.hermes/scripts/all-sites-pipeline.sh: line 31: timeout: command not found
/Users/brentdubose/.hermes/scripts/all-sites-pipeline.sh: line 31: timeout: command not found
/Users/brentdubose/.hermes/scripts/all-sites-pipeline.sh: line 31: timeout: command not found
/Users/brentdubose/.hermes/scripts/all-sites-pipeline.sh: line 31: timeout: command not found
/Users/brentdubose/.hermes/scripts/all-sites-pipeline.sh: line 37: timeout: command not found
/Users/brentdubose/.hermes/scripts/all-sites-pipeline.sh: line 37: timeout: command not found
/Users/brentdubose/.hermes/scripts/all-sites-pipeline.sh: line 37: timeout: command not found
/Users/brentdubose/.hermes/scripts/all-sites-pipeline.sh: line 37: timeout: command not found
/Users/brentdubose/.hermes/scripts/all-sites-pipeline.sh: line 37: timeout: command not found
/Users/brentdubose/.hermes/scripts/all-sites-pipeline.sh: line 37: timeout: command not found
/Users/brentdubose/.hermes/scripts/all-sites-pipeline.sh: line 43: timeout: command not found
/Users/brentdubose/.hermes/scripts/all-sites-pipeline.sh: line 43: timeout: command not found
/Users/brentdubose/.hermes/scripts/all-sites-pipeline.sh: line 43: timeout: command not found
/Users/brentdubose/.hermes/scripts/all-sites-pipeline.sh: line 43: timeout: command not found
/Users/brentdubose/.hermes/scripts/all-sites-pipeline.sh: line 43: timeout: command not found
/Users/brentdubose/.hermes/scripts/all-sites-pipeline.sh: line 43: timeout: command not found
/Users/brentdubose/.hermes/scripts/all-sites-pipeline.sh: line 25: timeout: command not found
/Users/brentdubose/.hermes/scripts/all-sites-pipeline.sh: line 25: timeout: command not found
/Users/brentdubose/.hermes/scripts/all-sites-pipeline.sh: line 25: timeout: command not found
/Users/brentdubose/.hermes/scripts/all-sites-pipeline.sh: line 25: timeout: command not found
/Users/brentdubose/.hermes/scripts/all-sites-pipeline.sh: line 25: timeout: command not found
/Users/brentdubose/.hermes/scripts/all-sites-pipeline.sh: line 31: timeout: command not found
/Users/brentdubose/.hermes/scripts/all-sites-pipeline.sh: line 31: timeout: command not found
/Users/brentdubose/.hermes/scripts/all-sites-pipeline.sh: line 31: timeout: command not found
/Users/brentdubose/.hermes/scripts/all-sites-pipeline.sh: line 31: timeout: command not found
/Users/brentdubose/.hermes/scripts/all-sites-pipeline.sh: line 31: timeout: command not found
/Users/brentdubose/.hermes/scripts/all-sites-pipeline.sh: line 31: timeout: command not found
/Users/brentdubose/.hermes/scripts/all-sites-pipeline.sh: line 37: timeout: command not found
/Users/brentdubose/.hermes/scripts/all-sites-pipeline.sh: line 37: timeout: command not found
/Users/brentdubose/.hermes/scripts/all-sites-pipeline.sh: line 37: timeout: command not found
/Users/brentdubose/.hermes/scripts/all-sites-pipeline.sh: line 37: timeout: command not found
/Users/brentdubose/.hermes/scripts/all-sites-pipeline.sh: line 37: timeout: command not found
/Users/brentdubose/.hermes/scripts/all-sites-pipeline.sh: line 37: timeout: command not found
/Users/brentdubose/.hermes/scripts/all-sites-pipeline.sh: line 43: timeout: command not found
/Users/brentdubose/.hermes/scripts/all-sites-pipeline.sh: line 43: timeout: command not found
/Users/brentdubose/.hermes/scripts/all-sites-pipeline.sh: line 43: timeout: command not found
/Users/brentdubose/.hermes/scripts/all-sites-pipeline.sh: line 43: timeout: command not found
/Users/brentdubose/.hermes/scripts/all-sites-pipeline.sh: line 43: timeout: command not found
/Users/brentdubose/.hermes/scripts/all-sites-pipeline.sh: line 43: timeout: command not found
/Users/brentdubose/.hermes/scripts/all-sites-pipeline.sh: line 25: timeout: command not found
/Users/brentdubose/.hermes/scripts/all-sites-pipeline.sh: line 25: timeout: command not found
/Users/brentdubose/.hermes/scripts/all-sites-pipeline.sh: line 25: timeout: command not found
/Users/brentdubose/.hermes/scripts/all-sites-pipeline.sh: line 25: timeout: command not found
/Users/brentdubose/.hermes/scripts/all-sites-pipeline.sh: line 25: timeout: command not found
/Users/brentdubose/.hermes/scripts/all-sites-pipeline.sh: line 31: timeout: command not found
/Users/brentdubose/.hermes/scripts/all-sites-pipeline.sh: line 31: timeout: command not found
/Users/brentdubose/.hermes/scripts/all-sites-pipeline.sh: line 31: timeout: command not found
/Users/brentdubose/.hermes/scripts/all-sites-pipeline.sh: line 31: timeout: command not found
/Users/brentdubose/.hermes/scripts/all-sites-pipeline.sh: line 31: timeout: command not found
/Users/brentdubose/.hermes/scripts/all-sites-pipeline.sh: line 31: timeout: command not found
/Users/brentdubose/.hermes/scripts/all-sites-pipeline.sh: line 37: timeout: command not found
/Users/brentdubose/.hermes/scripts/all-sites-pipeline.sh: line 37: timeout: command not found
/Users/brentdubose/.hermes/scripts/all-sites-pipeline.sh: line 37: timeout: command not found
/Users/brentdubose/.hermes/scripts/all-sites-pipeline.sh: line 37: timeout: command not found
/Users/brentdubose/.hermes/scripts/all-sites-pipeline.sh: line 37: timeout: command not found
/Users/brentdubose/.hermes/scripts/all-sites-pipeline.sh: line 37: timeout: command not found
/Users/brentdubose/.hermes/scripts/all-sites-pipeline.sh: line 43: timeout: command not found
/Users/brentdubose/.hermes/scripts/all-sites-pipeline.sh: line 43: timeout: command not found
/Users/brentdubose/.hermes/scripts/all-sites-pipeline.sh: line 43: timeout: command not found
/Users/brentdubose/.hermes/scripts/all-sites-pipeline.sh: line 43: timeout: command not found
/Users/brentdubose/.hermes/scripts/all-sites-pipeline.sh: line 43: timeout: command not found
/Users/brentdubose/.hermes/scripts/all-sites-pipeline.sh: line 43: timeout: command not found
/Users/brentdubose/.hermes/scripts/all-sites-pipeline.sh: line 25: timeout: command not found
/Users/brentdubose/.hermes/scripts/all-sites-pipeline.sh: line 25: timeout: command not found
/Users/brentdubose/.hermes/scripts/all-sites-pipeline.sh: line 25: timeout: command not found
/Users/brentdubose/.hermes/scripts/all-sites-pipeline.sh: line 25: timeout: command not found
/Users/brentdubose/.hermes/scripts/all-sites-pipeline.sh: line 25: timeout: command not found
/Users/brentdubose/.hermes/scripts/all-sites-pipeline.sh: line 31: timeout: command not found
/Users/brentdubose/.hermes/scripts/all-sites-pipeline.sh: line 31: timeout: command not found
/Users/brentdubose/.hermes/scripts/all-sites-pipeline.sh: line 31: timeout: command not found
/Users/brentdubose/.hermes/scripts/all-sites-pipeline.sh: line 31: timeout: command not found
/Users/brentdubose/.hermes/scripts/all-sites-pipeline.sh: line 31: timeout: command not found
/Users/brentdubose/.hermes/scripts/all-sites-pipeline.sh: line 31: timeout: command not found
/Users/brentdubose/.hermes/scripts/all-sites-pipeline.sh: line 37: timeout: command not found
/Users/brentdubose/.hermes/scripts/all-sites-pipeline.sh: line 37: timeout: command not found
/Users/brentdubose/.hermes/scripts/all-sites-pipeline.sh: line 37: timeout: command not found
/Users/brentdubose/.hermes/scripts/all-sites-pipeline.sh: line 37: timeout: command not found
/Users/brentdubose/.hermes/scripts/all-sites-pipeline.sh: line 37: timeout: command not found
/Users/brentdubose/.hermes/scripts/all-sites-pipeline.sh: line 37: timeout: command not found
/Users/brentdubose/.hermes/scripts/all-sites-pipeline.sh: line 43: timeout: command not found
/Users/brentdubose/.hermes/scripts/all-sites-pipeline.sh: line 43: timeout: command not found
/Users/brentdubose/.hermes/scripts/all-sites-pipeline.sh: line 43: timeout: command not found
/Users/brentdubose/.hermes/scripts/all-sites-pipeline.sh: line 43: timeout: command not found
/Users/brentdubose/.hermes/scripts/all-sites-pipeline.sh: line 43: timeout: command not found
/Users/brentdubose/.hermes/scripts/all-sites-pipeline.sh: line 43: timeout: command not found
/Users/brentdubose/.hermes/scripts/all-sites-pipeline.sh: line 25: timeout: command not found
/Users/brentdubose/.hermes/scripts/all-sites-pipeline.sh: line 25: timeout: command not found
/Users/brentdubose/.hermes/scripts/all-sites-pipeline.sh: line 25: timeout: command not found
/Users/brentdubose/.hermes/scripts/all-sites-pipeline.sh: line 25: timeout: command not found
/Users/brentdubose/.hermes/scripts/all-sites-pipeline.sh: line 25: timeout: command not found
/Users/brentdubose/.hermes/scripts/all-sites-pipeline.sh: line 31: timeout: command not found
/Users/brentdubose/.hermes/scripts/all-sites-pipeline.sh: line 31: timeout: command not found
/Users/brentdubose/.hermes/scripts/all-sites-pipeline.sh: line 31: timeout: command not found
/Users/brentdubose/.hermes/scripts/all-sites-pipeline.sh: line 31: timeout: command not found
/Users/brentdubose/.hermes/scripts/all-sites-pipeline.sh: line 31: timeout: command not found
/Users/brentdubose/.hermes/scripts/all-sites-pipeline.sh: line 31: timeout: command not found
/Users/brentdubose/.hermes/scripts/all-sites-pipeline.sh: line 37: timeout: command not found
/Users/brentdubose/.hermes/scripts/all-sites-pipeline.sh: line 37: timeout: command not found
/Users/brentdubose/.hermes/scripts/all-sites-pipeline.sh: line 37: timeout: command not found
/Users/brentdubose/.hermes/scripts/all-sites-pipeline.sh: line 37: timeout: command not found
/Users/brentdubose/.hermes/scripts/all-sites-pipeline.sh: line 37: timeout: command not found
/Users/brentdubose/.hermes/scripts/all-sites-pipeline.sh: line 37: timeout: command not found
/Users/brentdubose/.hermes/scripts/all-sites-pipeline.sh: line 43: timeout: command not found
/Users/brentdubose/.hermes/scripts/all-sites-pipeline.sh: line 43: timeout: command not found
/Users/brentdubose/.hermes/scripts/all-sites-pipeline.sh: line 43: timeout: command not found
/Users/brentdubose/.hermes/scripts/all-sites-pipeline.sh: line 43: timeout: command not found
/Users/brentdubose/.hermes/scripts/all-sites-pipeline.sh: line 43: timeout: command not found
/Users/brentdubose/.hermes/scripts/all-sites-pipeline.sh: line 43: timeout: command not found
/Users/brentdubose/.hermes/scripts/all-sites-pipeline.sh: line 25: timeout: command not found
/Users/brentdubose/.hermes/scripts/all-sites-pipeline.sh: line 25: timeout: command not found
/Users/brentdubose/.hermes/scripts/all-sites-pipeline.sh: line 25: timeout: command not found
/Users/brentdubose/.hermes/scripts/all-sites-pipeline.sh: line 25: timeout: command not found
/Users/brentdubose/.hermes/scripts/all-sites-pipeline.sh: line 25: timeout: command not found
/Users/brentdubose/.hermes/scripts/all-sites-pipeline.sh: line 31: timeout: command not found
/Users/brentdubose/.hermes/scripts/all-sites-pipeline.sh: line 31: timeout: command not found
/Users/brentdubose/.hermes/scripts/all-sites-pipeline.sh: line 31: timeout: command not found
/Users/brentdubose/.hermes/scripts/all-sites-pipeline.sh: line 31: timeout: command not found
/Users/brentdubose/.hermes/scripts/all-sites-pipeline.sh: line 31: timeout: command not found
/Users/brentdubose/.hermes/scripts/all-sites-pipeline.sh: line 31: timeout: command not found
/Users/brentdubose/.hermes/scripts/all-sites-pipeline.sh: line 37: timeout: command not found
/Users/brentdubose/.hermes/scripts/all-sites-pipeline.sh: line 37: timeout: command not found
/Users/brentdubose/.hermes/scripts/all-sites-pipeline.sh: line 37: timeout: command not found
/Users/brentdubose/.hermes/scripts/all-sites-pipeline.sh: line 37: timeout: command not found
/Users/brentdubose/.hermes/scripts/all-sites-pipeline.sh: line 37: timeout: command not found
/Users/brentdubose/.hermes/scripts/all-sites-pipeline.sh: line 37: timeout: command not found
/Users/brentdubose/.hermes/scripts/all-sites-pipeline.sh: line 43: timeout: command not found
/Users/brentdubose/.hermes/scripts/all-sites-pipeline.sh: line 43: timeout: command not found
/Users/brentdubose/.hermes/scripts/all-sites-pipeline.sh: line 43: timeout: command not found
/Users/brentdubose/.hermes/scripts/all-sites-pipeline.sh: line 43: timeout: command not found
/Users/brentdubose/.hermes/scripts/all-sites-pipeline.sh: line 43: timeout: command not found
/Users/brentdubose/.hermes/scripts/all-sites-pipeline.sh: line 43: timeout: command not found
/Users/brentdubose/.hermes/scripts/all-sites-pipeline.sh: line 25: timeout: command not found
/Users/brentdubose/.hermes/scripts/all-sites-pipeline.sh: line 25: timeout: command not found
/Users/brentdubose/.hermes/scripts/all-sites-pipeline.sh: line 25: timeout: command not found
/Users/brentdubose/.hermes/scripts/all-sites-pipeline.sh: line 25: timeout: command not found
/Users/brentdubose/.hermes/scripts/all-sites-pipeline.sh: line 25: timeout: command not found
/Users/brentdubose/.hermes/scripts/all-sites-pipeline.sh: line 31: timeout: command not found
/Users/brentdubose/.hermes/scripts/all-sites-pipeline.sh: line 31: timeout: command not found
/Users/brentdubose/.hermes/scripts/all-sites-pipeline.sh: line 31: timeout: command not found
/Users/brentdubose/.hermes/scripts/all-sites-pipeline.sh: line 31: timeout: command not found
/Users/brentdubose/.hermes/scripts/all-sites-pipeline.sh: line 31: timeout: command not found
/Users/brentdubose/.hermes/scripts/all-sites-pipeline.sh: line 31: timeout: command not found
/Users/brentdubose/.hermes/scripts/all-sites-pipeline.sh: line 37: timeout: command not found
/Users/brentdubose/.hermes/scripts/all-sites-pipeline.sh: line 37: timeout: command not found
/Users/brentdubose/.hermes/scripts/all-sites-pipeline.sh: line 37: timeout: command not found
/Users/brentdubose/.hermes/scripts/all-sites-pipeline.sh: line 37: timeout: command not found
/Users/brentdubose/.hermes/scripts/all-sites-pipeline.sh: line 37: timeout: command not found
/Users/brentdubose/.hermes/scripts/all-sites-pipeline.sh: line 37: timeout: command not found
/Users/brentdubose/.hermes/scripts/all-sites-pipeline.sh: line 43: timeout: command not found
/Users/brentdubose/.hermes/scripts/all-sites-pipeline.sh: line 43: timeout: command not found
/Users/brentdubose/.hermes/scripts/all-sites-pipeline.sh: line 43: timeout: command not found
/Users/brentdubose/.hermes/scripts/all-sites-pipeline.sh: line 43: timeout: command not found
/Users/brentdubose/.hermes/scripts/all-sites-pipeline.sh: line 43: timeout: command not found
/Users/brentdubose/.hermes/scripts/all-sites-pipeline.sh: line 43: timeout: command not found
🚀 ALL SITES Content Pipeline — 2026-07-16 17:00
Sites: 1 (1 content + 0 rent)

==================================================
📝 findaiagency.com → AI automation for healthcare practices 2026...
  Researching...
  Generating...
  ✅ 2753w, 13 H2s, 📊 table, ❓ FAQ (6)
  ❌ blog.findaiagency.com/ai-automation-for-healthcare-practices-2026 → findaiagency
     stderr: ler to work. Please go to https://developers.cloudflare.com/fundamentals/api/get-started/create-token/ for instructions on how to create an api token, and assign its value to CLOUDFLARE_API_TOKEN.[0m


🪵  Logs were written to "/Users/brentdubose/.wrangler/logs/wrangler-2026-07-16_21-01-44_916.log"


==================================================
✅ COMPLETE: 1 articles
  Content sites: 0/1 deployed
  Rent/R&R sites: 0/0 deployed
🎯 Quality pass: 1/1
🚀 ALL SITES Content Pipeline — 2026-07-16 17:01
Sites: 1 (1 content + 0 rent)

==================================================
📝 aiagencycalculator.com → AI chatbot development cost breakdown 2026...
  Researching...
  Generating...
  ✅ 2211w, 12 H2s, 📊 table, ❓ FAQ (7)
  ❌ blog.aiagencycalculator.com/ai-chatbot-development-cost-breakdown-2026 → ai-agency-pricing-calculator
     stderr: ler to work. Please go to https://developers.cloudflare.com/fundamentals/api/get-started/create-token/ for instructions on how to create an api token, and assign its value to CLOUDFLARE_API_TOKEN.[0m


🪵  Logs were written to "/Users/brentdubose/.wrangler/logs/wrangler-2026-07-16_21-03-05_710.log"


==================================================
✅ COMPLETE: 1 articles
  Content sites: 0/1 deployed
  Rent/R&R sites: 0/0 deployed
🎯 Quality pass: 1/1
🚀 ALL SITES Content Pipeline — 2026-07-16 17:03
Sites: 1 (1 content + 0 rent)

==================================================
📝 mybusinessaiaudit.com → AI opportunity assessment for retail businesses...
  Researching...
  Generating...
  ✅ 2863w, 12 H2s, 📊 table, ❓ FAQ (6)
  ❌ blog.mybusinessaiaudit.com/ai-opportunity-assessment-for-retail-businesses → mybusiness-ai-audit
     stderr: ler to work. Please go to https://developers.cloudflare.com/fundamentals/api/get-started/create-token/ for instructions on how to create an api token, and assign its value to CLOUDFLARE_API_TOKEN.[0m


🪵  Logs were written to "/Users/brentdubose/.wrangler/logs/wrangler-2026-07-16_21-04-22_354.log"


==================================================
✅ COMPLETE: 1 articles
  Content sites: 0/1 deployed
  Rent/R&R sites: 0/0 deployed
🎯 Quality pass: 1/1
🚀 ALL SITES Content Pipeline — 2026-07-16 17:04
Sites: 1 (1 content + 0 rent)

==================================================
📝 ozempicproviders.com → Medicare coverage Ozempic 2026 what changed...
  Researching...
  Generating...
  ✅ 2786w, 13 H2s, 📊 table, ❓ FAQ (7)
  ❌ blog.ozempicproviders.com/medicare-coverage-ozempic-2026-what-changed → ozempic-providers-2026
     stderr: ler to work. Please go to https://developers.cloudflare.com/fundamentals/api/get-started/create-token/ for instructions on how to create an api token, and assign its value to CLOUDFLARE_API_TOKEN.[0m


🪵  Logs were written to "/Users/brentdubose/.wrangler/logs/wrangler-2026-07-16_21-05-41_517.log"


==================================================
✅ COMPLETE: 1 articles
  Content sites: 0/1 deployed
  Rent/R&R sites: 0/0 deployed
🎯 Quality pass: 1/1
🚀 ALL SITES Content Pipeline — 2026-07-16 17:05
Sites: 1 (1 content + 0 rent)

==================================================
📝 tariffcalculator2026.com → de minimis rule changes 2026 impact on ecommerce...
  Researching...
  Generating...
  ✅ 3039w, 15 H2s, 📊 table, ❓ FAQ (6)
  ❌ blog.tariffcalculator2026.com/de-minimis-rule-changes-2026-impact-on-ecommerce → tariff-calculator-2026
     stderr: ler to work. Please go to https://developers.cloudflare.com/fundamentals/api/get-started/create-token/ for instructions on how to create an api token, and assign its value to CLOUDFLARE_API_TOKEN.[0m


🪵  Logs were written to "/Users/brentdubose/.wrangler/logs/wrangler-2026-07-16_21-07-04_238.log"


==================================================
✅ COMPLETE: 1 articles
  Content sites: 0/1 deployed
  Rent/R&R sites: 0/0 deployed
🎯 Quality pass: 1/1
🚀 ALL SITES Content Pipeline — 2026-07-16 17:07
Sites: 1 (0 content + 1 rent)

==================================================
🏠 hvacmaintenancepros.com → HVAC warranty what is covered and what is not...
  Researching...
  Generating...
  ✅ 2237w, 10 H2s, 📊 table, ❓ FAQ (6)
  ❌ hvacmaintenancepros.com/blog/hvac-warranty-what-is-covered-and-what-is-not/ → hvac-maintenance
     stderr: ler to work. Please go to https://developers.cloudflare.com/fundamentals/api/get-started/create-token/ for instructions on how to create an api token, and assign its value to CLOUDFLARE_API_TOKEN.[0m


🪵  Logs were written to "/Users/brentdubose/.wrangler/logs/wrangler-2026-07-16_21-08-07_034.log"


==================================================
✅ COMPLETE: 1 articles
  Content sites: 0/0 deployed
  Rent/R&R sites: 0/1 deployed
🎯 Quality pass: 1/1
🚀 ALL SITES Content Pipeline — 2026-07-16 17:08
Sites: 1 (0 content + 1 rent)

==================================================
🏠 sumpumpplumbers.com → how to test your sump pump properly...
  Researching...
  Generating...
  ✅ 3121w, 12 H2s, 📊 table, ❓ FAQ (7)
  ❌ sumpumpplumbers.com/blog/how-to-test-your-sump-pump-properly/ → sump-pump-plumbers
     stderr: ler to work. Please go to https://developers.cloudflare.com/fundamentals/api/get-started/create-token/ for instructions on how to create an api token, and assign its value to CLOUDFLARE_API_TOKEN.[0m


🪵  Logs were written to "/Users/brentdubose/.wrangler/logs/wrangler-2026-07-16_21-09-19_765.log"


==================================================
✅ COMPLETE: 1 articles
  Content sites: 0/0 deployed
  Rent/R&R sites: 0/1 deployed
🎯 Quality pass: 1/1
🚀 ALL SITES Content Pipeline — 2026-07-16 17:09
Sites: 1 (0 content + 1 rent)

==================================================
🏠 roofshinglepros.com → best roofing shingles for high wind areas...
  Researching...
  Generating...
  ✅ 3028w, 11 H2s, 📊 table, ❓ FAQ (6)
  ❌ roofshinglepros.com/blog/best-roofing-shingles-for-high-wind-areas/ → roof-shingle
     stderr: ler to work. Please go to https://developers.cloudflare.com/fundamentals/api/get-started/create-token/ for instructions on how to create an api token, and assign its value to CLOUDFLARE_API_TOKEN.[0m


🪵  Logs were written to "/Users/brentdubose/.wrangler/logs/wrangler-2026-07-16_21-10-36_203.log"


==================================================
✅ COMPLETE: 1 articles
  Content sites: 0/0 deployed
  Rent/R&R sites: 0/1 deployed
🎯 Quality pass: 1/1
🚀 ALL SITES Content Pipeline — 2026-07-17 05:00
Sites: 1 (1 content + 0 rent)

==================================================
📝 findaiagency.com → AI customer service automation cost benefit analysis...
  Researching...
  Generating...
  ✅ 2575w, 13 H2s, 📊 table, ❓ FAQ (6)
  ❌ blog.findaiagency.com/ai-customer-service-automation-cost-benefit-analysis → findaiagency
     stderr: ler to work. Please go to https://developers.cloudflare.com/fundamentals/api/get-started/create-token/ for instructions on how to create an api token, and assign its value to CLOUDFLARE_API_TOKEN.[0m


🪵  Logs were written to "/Users/brentdubose/.wrangler/logs/wrangler-2026-07-17_09-01-22_574.log"


==================================================
✅ COMPLETE: 1 articles
  Content sites: 0/1 deployed
  Rent/R&R sites: 0/0 deployed
🎯 Quality pass: 1/1
🚀 ALL SITES Content Pipeline — 2026-07-17 05:01
Sites: 1 (1 content + 0 rent)

==================================================
📝 aiagencycalculator.com → enterprise AI integration pricing tiers...
  Researching...
  Generating...
  ✅ 2519w, 14 H2s, 📊 table, ❓ FAQ (6)
  ❌ blog.aiagencycalculator.com/enterprise-ai-integration-pricing-tiers → ai-agency-pricing-calculator
     stderr: ler to work. Please go to https://developers.cloudflare.com/fundamentals/api/get-started/create-token/ for instructions on how to create an api token, and assign its value to CLOUDFLARE_API_TOKEN.[0m


🪵  Logs were written to "/Users/brentdubose/.wrangler/logs/wrangler-2026-07-17_09-02-32_712.log"


==================================================
✅ COMPLETE: 1 articles
  Content sites: 0/1 deployed
  Rent/R&R sites: 0/0 deployed
🎯 Quality pass: 1/1
🚀 ALL SITES Content Pipeline — 2026-07-17 05:02
Sites: 1 (1 content + 0 rent)

==================================================
📝 mybusinessaiaudit.com → manufacturing AI automation audit guide...
  Researching...
  Generating...
  ✅ 2557w, 13 H2s, 📊 table, ❓ FAQ (7)
  ❌ blog.mybusinessaiaudit.com/manufacturing-ai-automation-audit-guide → mybusiness-ai-audit
     stderr: ler to work. Please go to https://developers.cloudflare.com/fundamentals/api/get-started/create-token/ for instructions on how to create an api token, and assign its value to CLOUDFLARE_API_TOKEN.[0m


🪵  Logs were written to "/Users/brentdubose/.wrangler/logs/wrangler-2026-07-17_09-03-36_889.log"


==================================================
✅ COMPLETE: 1 articles
  Content sites: 0/1 deployed
  Rent/R&R sites: 0/0 deployed
🎯 Quality pass: 1/1
🚀 ALL SITES Content Pipeline — 2026-07-17 05:03
Sites: 1 (1 content + 0 rent)

==================================================
📝 ozempicproviders.com → GLP-1 medications for weight loss without diabetes...
  Researching...
  Generating...
  ✅ 2943w, 10 H2s, 📊 table, ❓ FAQ (6)
  ❌ blog.ozempicproviders.com/glp-1-medications-for-weight-loss-without-diabetes → ozempic-providers-2026
     stderr: ler to work. Please go to https://developers.cloudflare.com/fundamentals/api/get-started/create-token/ for instructions on how to create an api token, and assign its value to CLOUDFLARE_API_TOKEN.[0m


🪵  Logs were written to "/Users/brentdubose/.wrangler/logs/wrangler-2026-07-17_09-04-41_311.log"


==================================================
✅ COMPLETE: 1 articles
  Content sites: 0/1 deployed
  Rent/R&R sites: 0/0 deployed
🎯 Quality pass: 1/1
🚀 ALL SITES Content Pipeline — 2026-07-17 05:04
Sites: 1 (1 content + 0 rent)

==================================================
📝 tariffcalculator2026.com → Section 301 tariffs on China latest updates 2026...
  Researching...
  Generating...
  ✅ 2447w, 11 H2s, 📊 table, ❓ FAQ (6)
  ❌ blog.tariffcalculator2026.com/section-301-tariffs-on-china-latest-updates-2026 → tariff-calculator-2026
     stderr: ler to work. Please go to https://developers.cloudflare.com/fundamentals/api/get-started/create-token/ for instructions on how to create an api token, and assign its value to CLOUDFLARE_API_TOKEN.[0m


🪵  Logs were written to "/Users/brentdubose/.wrangler/logs/wrangler-2026-07-17_09-05-43_148.log"


==================================================
✅ COMPLETE: 1 articles
  Content sites: 0/1 deployed
  Rent/R&R sites: 0/0 deployed
🎯 Quality pass: 1/1
🚀 ALL SITES Content Pipeline — 2026-07-17 05:05
Sites: 1 (0 content + 1 rent)

==================================================
🏠 hvacmaintenancepros.com → energy efficient HVAC upgrades tax credits 2026...
  Researching...
  Generating...
  ✅ 2582w, 9 H2s, 📊 table, ❓ FAQ (7)
  ❌ hvacmaintenancepros.com/blog/energy-efficient-hvac-upgrades-tax-credits-2026/ → hvac-maintenance
     stderr: ler to work. Please go to https://developers.cloudflare.com/fundamentals/api/get-started/create-token/ for instructions on how to create an api token, and assign its value to CLOUDFLARE_API_TOKEN.[0m


🪵  Logs were written to "/Users/brentdubose/.wrangler/logs/wrangler-2026-07-17_09-06-44_697.log"


==================================================
✅ COMPLETE: 1 articles
  Content sites: 0/0 deployed
  Rent/R&R sites: 0/1 deployed
🎯 Quality pass: 1/1
🚀 ALL SITES Content Pipeline — 2026-07-17 05:06
Sites: 1 (0 content + 1 rent)

==================================================
🏠 sumpumpplumbers.com → sewer backup prevention systems...
  Researching...
  Generating...
  ✅ 2665w, 12 H2s, 📊 table, ❓ FAQ (7)
  ❌ sumpumpplumbers.com/blog/sewer-backup-prevention-systems/ → sump-pump-plumbers
     stderr: ler to work. Please go to https://developers.cloudflare.com/fundamentals/api/get-started/create-token/ for instructions on how to create an api token, and assign its value to CLOUDFLARE_API_TOKEN.[0m


🪵  Logs were written to "/Users/brentdubose/.wrangler/logs/wrangler-2026-07-17_09-07-53_813.log"


==================================================
✅ COMPLETE: 1 articles
  Content sites: 0/0 deployed
  Rent/R&R sites: 0/1 deployed
🎯 Quality pass: 1/1
🚀 ALL SITES Content Pipeline — 2026-07-17 05:07
Sites: 1 (0 content + 1 rent)

==================================================
🏠 roofshinglepros.com → roof insurance claim process explained...
  Researching...
  Generating...
  ✅ 2914w, 14 H2s, 📊 table, ❓ FAQ (6)
  ❌ roofshinglepros.com/blog/roof-insurance-claim-process-explained/ → roof-shingle
     stderr: ler to work. Please go to https://developers.cloudflare.com/fundamentals/api/get-started/create-token/ for instructions on how to create an api token, and assign its value to CLOUDFLARE_API_TOKEN.[0m


🪵  Logs were written to "/Users/brentdubose/.wrangler/logs/wrangler-2026-07-17_09-08-59_981.log"


==================================================
✅ COMPLETE: 1 articles
  Content sites: 0/0 deployed
  Rent/R&R sites: 0/1 deployed
🎯 Quality pass: 1/1
🚀 ALL SITES Content Pipeline — 2026-07-17 05:09
Sites: 1 (0 content + 1 rent)

==================================================
🏠 fencingcontractorspros.com → garden fencing ideas for pets...
  Researching...
  Generating...
  ✅ 2390w, 11 H2s, 📊 table, ❓ FAQ (7)
  ❌ fencingcontractorspros.com/blog/garden-fencing-ideas-for-pets/ → fencing-contractors
     stderr: ler to work. Please go to https://developers.cloudflare.com/fundamentals/api/get-started/create-token/ for instructions on how to create an api token, and assign its value to CLOUDFLARE_API_TOKEN.[0m


🪵  Logs were written to "/Users/brentdubose/.wrangler/logs/wrangler-2026-07-17_09-10-02_972.log"


==================================================
✅ COMPLETE: 1 articles
  Content sites: 0/0 deployed
  Rent/R&R sites: 0/1 deployed
🎯 Quality pass: 1/1
🚀 ALL SITES Content Pipeline — 2026-07-17 05:10
Sites: 1 (0 content + 1 rent)

==================================================
🏠 smartlightingpros.com → landscape lighting design ideas...
  Researching...
  Generating...
  ✅ 2853w, 11 H2s, 📊 table, ❓ FAQ (6)
  ❌ smartlightingpros.com/blog/landscape-lighting-design-ideas/ → smart-lighting
     stderr: ler to work. Please go to https://developers.cloudflare.com/fundamentals/api/get-started/create-token/ for instructions on how to create an api token, and assign its value to CLOUDFLARE_API_TOKEN.[0m


🪵  Logs were written to "/Users/brentdubose/.wrangler/logs/wrangler-2026-07-17_09-11-19_553.log"


==================================================
✅ COMPLETE: 1 articles
  Content sites: 0/0 deployed
  Rent/R&R sites: 0/1 deployed
🎯 Quality pass: 1/1
🚀 ALL SITES Content Pipeline — 2026-07-17 17:00
Sites: 1 (1 content + 0 rent)

==================================================
📝 findaiagency.com → AI customer service automation cost benefit analysis...
  Researching...
  Generating...
  ✅ 2364w, 12 H2s, 📊 table, ❓ FAQ (6)
  ❌ blog.findaiagency.com/ai-customer-service-automation-cost-benefit-analysis → findaiagency
     stderr: ler to work. Please go to https://developers.cloudflare.com/fundamentals/api/get-started/create-token/ for instructions on how to create an api token, and assign its value to CLOUDFLARE_API_TOKEN.[0m


🪵  Logs were written to "/Users/brentdubose/.wrangler/logs/wrangler-2026-07-17_21-01-08_743.log"


==================================================
✅ COMPLETE: 1 articles
  Content sites: 0/1 deployed
  Rent/R&R sites: 0/0 deployed
🎯 Quality pass: 1/1
🚀 ALL SITES Content Pipeline — 2026-07-17 17:01
Sites: 1 (1 content + 0 rent)

==================================================
📝 aiagencycalculator.com → enterprise AI integration pricing tiers...
  Researching...
  Generating...
  ✅ 2906w, 12 H2s, 📊 table, ❓ FAQ (7)
  ❌ blog.aiagencycalculator.com/enterprise-ai-integration-pricing-tiers → ai-agency-pricing-calculator
     stderr: ler to work. Please go to https://developers.cloudflare.com/fundamentals/api/get-started/create-token/ for instructions on how to create an api token, and assign its value to CLOUDFLARE_API_TOKEN.[0m


🪵  Logs were written to "/Users/brentdubose/.wrangler/logs/wrangler-2026-07-17_21-02-25_720.log"


==================================================
✅ COMPLETE: 1 articles
  Content sites: 0/1 deployed
  Rent/R&R sites: 0/0 deployed
🎯 Quality pass: 1/1
🚀 ALL SITES Content Pipeline — 2026-07-17 17:02
Sites: 1 (1 content + 0 rent)

==================================================
📝 mybusinessaiaudit.com → manufacturing AI automation audit guide...
  Researching...
  Generating...
  ✅ 2838w, 11 H2s, 📊 table, ❓ FAQ (6)
  ❌ blog.mybusinessaiaudit.com/manufacturing-ai-automation-audit-guide → mybusiness-ai-audit
     stderr: ler to work. Please go to https://developers.cloudflare.com/fundamentals/api/get-started/create-token/ for instructions on how to create an api token, and assign its value to CLOUDFLARE_API_TOKEN.[0m


🪵  Logs were written to "/Users/brentdubose/.wrangler/logs/wrangler-2026-07-17_21-03-41_640.log"


==================================================
✅ COMPLETE: 1 articles
  Content sites: 0/1 deployed
  Rent/R&R sites: 0/0 deployed
🎯 Quality pass: 1/1
🚀 ALL SITES Content Pipeline — 2026-07-17 17:03
Sites: 1 (1 content + 0 rent)

==================================================
📝 ozempicproviders.com → GLP-1 medications for weight loss without diabetes...
  Researching...
  Generating...
  ✅ 2975w, 10 H2s, 📊 table, ❓ FAQ (6)
  ❌ blog.ozempicproviders.com/glp-1-medications-for-weight-loss-without-diabetes → ozempic-providers-2026
     stderr: ler to work. Please go to https://developers.cloudflare.com/fundamentals/api/get-started/create-token/ for instructions on how to create an api token, and assign its value to CLOUDFLARE_API_TOKEN.[0m


🪵  Logs were written to "/Users/brentdubose/.wrangler/logs/wrangler-2026-07-17_21-04-44_720.log"


==================================================
✅ COMPLETE: 1 articles
  Content sites: 0/1 deployed
  Rent/R&R sites: 0/0 deployed
🎯 Quality pass: 1/1
🚀 ALL SITES Content Pipeline — 2026-07-17 17:04
Sites: 1 (1 content + 0 rent)

==================================================
📝 tariffcalculator2026.com → Section 301 tariffs on China latest updates 2026...
  Researching...
  Generating...
  ✅ 2344w, 12 H2s, 📊 table, ❓ FAQ (6)
  ❌ blog.tariffcalculator2026.com/section-301-tariffs-on-china-latest-updates-2026 → tariff-calculator-2026
     stderr: ler to work. Please go to https://developers.cloudflare.com/fundamentals/api/get-started/create-token/ for instructions on how to create an api token, and assign its value to CLOUDFLARE_API_TOKEN.[0m


🪵  Logs were written to "/Users/brentdubose/.wrangler/logs/wrangler-2026-07-17_21-05-39_640.log"


==================================================
✅ COMPLETE: 1 articles
  Content sites: 0/1 deployed
  Rent/R&R sites: 0/0 deployed
🎯 Quality pass: 1/1
🚀 ALL SITES Content Pipeline — 2026-07-17 17:05
Sites: 1 (0 content + 1 rent)

==================================================
🏠 hvacmaintenancepros.com → energy efficient HVAC upgrades tax credits 2026...
  Researching...
  Generating...
  ✅ 3197w, 12 H2s, 📊 table, ❓ FAQ (6)
  ❌ hvacmaintenancepros.com/blog/energy-efficient-hvac-upgrades-tax-credits-2026/ → hvac-maintenance
     stderr: ler to work. Please go to https://developers.cloudflare.com/fundamentals/api/get-started/create-token/ for instructions on how to create an api token, and assign its value to CLOUDFLARE_API_TOKEN.[0m


🪵  Logs were written to "/Users/brentdubose/.wrangler/logs/wrangler-2026-07-17_21-06-52_711.log"


==================================================
✅ COMPLETE: 1 articles
  Content sites: 0/0 deployed
  Rent/R&R sites: 0/1 deployed
🎯 Quality pass: 1/1
🚀 ALL SITES Content Pipeline — 2026-07-17 17:06
Sites: 1 (0 content + 1 rent)

==================================================
🏠 sumpumpplumbers.com → sewer backup prevention systems...
  Researching...
  Generating...
  ✅ 2794w, 12 H2s, 📊 table, ❓ FAQ (6)
  ❌ sumpumpplumbers.com/blog/sewer-backup-prevention-systems/ → sump-pump-plumbers
     stderr: ler to work. Please go to https://developers.cloudflare.com/fundamentals/api/get-started/create-token/ for instructions on how to create an api token, and assign its value to CLOUDFLARE_API_TOKEN.[0m


🪵  Logs were written to "/Users/brentdubose/.wrangler/logs/wrangler-2026-07-17_21-08-03_591.log"


==================================================
✅ COMPLETE: 1 articles
  Content sites: 0/0 deployed
  Rent/R&R sites: 0/1 deployed
🎯 Quality pass: 1/1
🚀 ALL SITES Content Pipeline — 2026-07-17 17:08
Sites: 1 (0 content + 1 rent)

==================================================
🏠 roofshinglepros.com → roof insurance claim process explained...
  Researching...
  Generating...
  ✅ 2376w, 10 H2s, 📊 table, ❓ FAQ (6)
  ❌ roofshinglepros.com/blog/roof-insurance-claim-process-explained/ → roof-shingle
     stderr: ler to work. Please go to https://developers.cloudflare.com/fundamentals/api/get-started/create-token/ for instructions on how to create an api token, and assign its value to CLOUDFLARE_API_TOKEN.[0m


🪵  Logs were written to "/Users/brentdubose/.wrangler/logs/wrangler-2026-07-17_21-09-02_735.log"


==================================================
✅ COMPLETE: 1 articles
  Content sites: 0/0 deployed
  Rent/R&R sites: 0/1 deployed
🎯 Quality pass: 1/1
🚀 ALL SITES Content Pipeline — 2026-07-17 17:09
Sites: 1 (0 content + 1 rent)

==================================================
🏠 fencingcontractorspros.com → garden fencing ideas for pets...
  Researching...
  Generating...
  ✅ 2838w, 11 H2s, 📊 table, ❓ FAQ (6)
  ❌ fencingcontractorspros.com/blog/garden-fencing-ideas-for-pets/ → fencing-contractors
     stderr: ler to work. Please go to https://developers.cloudflare.com/fundamentals/api/get-started/create-token/ for instructions on how to create an api token, and assign its value to CLOUDFLARE_API_TOKEN.[0m


🪵  Logs were written to "/Users/brentdubose/.wrangler/logs/wrangler-2026-07-17_21-10-14_137.log"


==================================================
✅ COMPLETE: 1 articles
  Content sites: 0/0 deployed
  Rent/R&R sites: 0/1 deployed
🎯 Quality pass: 1/1
🚀 ALL SITES Content Pipeline — 2026-07-18 05:00
Sites: 1 (1 content + 0 rent)

==================================================
📝 findaiagency.com → small business AI tools that actually save money...
  Researching...
  Generating...
  ✅ 3126w, 13 H2s, 📊 table, ❓ FAQ (5)
  ❌ blog.findaiagency.com/small-business-ai-tools-that-actually-save-money → findaiagency
     stderr: ler to work. Please go to https://developers.cloudflare.com/fundamentals/api/get-started/create-token/ for instructions on how to create an api token, and assign its value to CLOUDFLARE_API_TOKEN.[0m


🪵  Logs were written to "/Users/brentdubose/.wrangler/logs/wrangler-2026-07-18_09-02-12_921.log"


==================================================
✅ COMPLETE: 1 articles
  Content sites: 0/1 deployed
  Rent/R&R sites: 0/0 deployed
🎯 Quality pass: 1/1
🚀 ALL SITES Content Pipeline — 2026-07-18 05:02
Sites: 1 (1 content + 0 rent)

==================================================
📝 aiagencycalculator.com → freelance AI developer vs agency pricing comparison...
  Researching...
  Generating...
  ✅ 2546w, 11 H2s, 📊 table, ❓ FAQ (6)
  ❌ blog.aiagencycalculator.com/freelance-ai-developer-vs-agency-pricing-comparison → ai-agency-pricing-calculator
     stderr: ler to work. Please go to https://developers.cloudflare.com/fundamentals/api/get-started/create-token/ for instructions on how to create an api token, and assign its value to CLOUDFLARE_API_TOKEN.[0m


🪵  Logs were written to "/Users/brentdubose/.wrangler/logs/wrangler-2026-07-18_09-03-33_427.log"


==================================================
✅ COMPLETE: 1 articles
  Content sites: 0/1 deployed
  Rent/R&R sites: 0/0 deployed
🎯 Quality pass: 1/1
🚀 ALL SITES Content Pipeline — 2026-07-18 05:03
Sites: 1 (1 content + 0 rent)

==================================================
📝 mybusinessaiaudit.com → service business AI readiness scoring system...
  Researching...
  Generating...
  ✅ 2911w, 10 H2s, 📊 table, ❓ FAQ (6)
  ❌ blog.mybusinessaiaudit.com/service-business-ai-readiness-scoring-system → mybusiness-ai-audit
     stderr: ler to work. Please go to https://developers.cloudflare.com/fundamentals/api/get-started/create-token/ for instructions on how to create an api token, and assign its value to CLOUDFLARE_API_TOKEN.[0m


🪵  Logs were written to "/Users/brentdubose/.wrangler/logs/wrangler-2026-07-18_09-04-56_765.log"


==================================================
✅ COMPLETE: 1 articles
  Content sites: 0/1 deployed
  Rent/R&R sites: 0/0 deployed
🎯 Quality pass: 1/1
🚀 ALL SITES Content Pipeline — 2026-07-18 05:05
Sites: 1 (1 content + 0 rent)

==================================================
📝 ozempicproviders.com → semaglutide dosage titration guide for beginners...
  Researching...
  Generating...
  ✅ 2603w, 11 H2s, 📊 table, ❓ FAQ (6)
  ❌ blog.ozempicproviders.com/semaglutide-dosage-titration-guide-for-beginners → ozempic-providers-2026
     stderr: ler to work. Please go to https://developers.cloudflare.com/fundamentals/api/get-started/create-token/ for instructions on how to create an api token, and assign its value to CLOUDFLARE_API_TOKEN.[0m


🪵  Logs were written to "/Users/brentdubose/.wrangler/logs/wrangler-2026-07-18_09-05-58_514.log"


==================================================
✅ COMPLETE: 1 articles
  Content sites: 0/1 deployed
  Rent/R&R sites: 0/0 deployed
🎯 Quality pass: 1/1
🚀 ALL SITES Content Pipeline — 2026-07-18 05:06
Sites: 1 (1 content + 0 rent)

==================================================
📝 tariffcalculator2026.com → tariffs on electronics imports from Asia 2026...
  Researching...
  Generating...
  ✅ 2693w, 11 H2s, 📊 table, ❓ FAQ (7)
  ❌ blog.tariffcalculator2026.com/tariffs-on-electronics-imports-from-asia-2026 → tariff-calculator-2026
     stderr: ler to work. Please go to https://developers.cloudflare.com/fundamentals/api/get-started/create-token/ for instructions on how to create an api token, and assign its value to CLOUDFLARE_API_TOKEN.[0m


🪵  Logs were written to "/Users/brentdubose/.wrangler/logs/wrangler-2026-07-18_09-07-20_111.log"


==================================================
✅ COMPLETE: 1 articles
  Content sites: 0/1 deployed
  Rent/R&R sites: 0/0 deployed
🎯 Quality pass: 1/1
🚀 ALL SITES Content Pipeline — 2026-07-18 05:07
Sites: 1 (0 content + 1 rent)

==================================================
🏠 hvacmaintenancepros.com → indoor air quality solutions for homes...
  Researching...
  Generating...
  ✅ 3024w, 10 H2s, 📊 table, ❓ FAQ (6)
  ❌ hvacmaintenancepros.com/blog/indoor-air-quality-solutions-for-homes/ → hvac-maintenance
     stderr: ler to work. Please go to https://developers.cloudflare.com/fundamentals/api/get-started/create-token/ for instructions on how to create an api token, and assign its value to CLOUDFLARE_API_TOKEN.[0m


🪵  Logs were written to "/Users/brentdubose/.wrangler/logs/wrangler-2026-07-18_09-08-48_378.log"


==================================================
✅ COMPLETE: 1 articles
  Content sites: 0/0 deployed
  Rent/R&R sites: 0/1 deployed
🎯 Quality pass: 1/1
🚀 ALL SITES Content Pipeline — 2026-07-18 05:08
Sites: 1 (0 content + 1 rent)

==================================================
🏠 sumpumpplumbers.com → basement flooding emergency steps...
  Researching...
  Generating...
  ✅ 3875w, 10 H2s, 📊 table, ❓ FAQ (6)
  ❌ sumpumpplumbers.com/blog/basement-flooding-emergency-steps/ → sump-pump-plumbers
     stderr: ler to work. Please go to https://developers.cloudflare.com/fundamentals/api/get-started/create-token/ for instructions on how to create an api token, and assign its value to CLOUDFLARE_API_TOKEN.[0m


🪵  Logs were written to "/Users/brentdubose/.wrangler/logs/wrangler-2026-07-18_09-10-19_395.log"


==================================================
✅ COMPLETE: 1 articles
  Content sites: 0/0 deployed
  Rent/R&R sites: 0/1 deployed
🎯 Quality pass: 1/1
🚀 ALL SITES Content Pipeline — 2026-07-18 05:10
Sites: 1 (0 content + 1 rent)

==================================================
🏠 roofshinglepros.com → how to spot hail damage on shingles...
  Researching...
  Generating...
  ✅ 2454w, 9 H2s, 📊 table, ❓ FAQ (7)
  ❌ roofshinglepros.com/blog/how-to-spot-hail-damage-on-shingles/ → roof-shingle
     stderr: ler to work. Please go to https://developers.cloudflare.com/fundamentals/api/get-started/create-token/ for instructions on how to create an api token, and assign its value to CLOUDFLARE_API_TOKEN.[0m


🪵  Logs were written to "/Users/brentdubose/.wrangler/logs/wrangler-2026-07-18_09-11-25_589.log"


==================================================
✅ COMPLETE: 1 articles
  Content sites: 0/0 deployed
  Rent/R&R sites: 0/1 deployed
🎯 Quality pass: 1/1
🚀 ALL SITES Content Pipeline — 2026-07-18 17:00
Sites: 1 (1 content + 0 rent)

==================================================
📝 findaiagency.com → small business AI tools that actually save money...
  Researching...
  Generating...
  ✅ 2545w, 11 H2s, 📊 table, ❓ FAQ (7)
  ❌ blog.findaiagency.com/small-business-ai-tools-that-actually-save-money → findaiagency
     stderr: ler to work. Please go to https://developers.cloudflare.com/fundamentals/api/get-started/create-token/ for instructions on how to create an api token, and assign its value to CLOUDFLARE_API_TOKEN.[0m


🪵  Logs were written to "/Users/brentdubose/.wrangler/logs/wrangler-2026-07-18_21-01-57_451.log"


==================================================
✅ COMPLETE: 1 articles
  Content sites: 0/1 deployed
  Rent/R&R sites: 0/0 deployed
🎯 Quality pass: 1/1
🚀 ALL SITES Content Pipeline — 2026-07-18 17:02
Sites: 1 (1 content + 0 rent)

==================================================
📝 aiagencycalculator.com → freelance AI developer vs agency pricing comparison...
  Researching...
  Generating...
  ✅ 2508w, 11 H2s, 📊 table, ❓ FAQ (6)
  ❌ blog.aiagencycalculator.com/freelance-ai-developer-vs-agency-pricing-comparison → ai-agency-pricing-calculator
     stderr: ler to work. Please go to https://developers.cloudflare.com/fundamentals/api/get-started/create-token/ for instructions on how to create an api token, and assign its value to CLOUDFLARE_API_TOKEN.[0m


🪵  Logs were written to "/Users/brentdubose/.wrangler/logs/wrangler-2026-07-18_21-03-13_208.log"


==================================================
✅ COMPLETE: 1 articles
  Content sites: 0/1 deployed
  Rent/R&R sites: 0/0 deployed
🎯 Quality pass: 1/1
🚀 ALL SITES Content Pipeline — 2026-07-18 17:03
Sites: 1 (1 content + 0 rent)

==================================================
📝 mybusinessaiaudit.com → service business AI readiness scoring system...
  Researching...
  Generating...
  ✅ 2999w, 12 H2s, 📊 table, ❓ FAQ (6)
  ❌ blog.mybusinessaiaudit.com/service-business-ai-readiness-scoring-system → mybusiness-ai-audit
     stderr: ler to work. Please go to https://developers.cloudflare.com/fundamentals/api/get-started/create-token/ for instructions on how to create an api token, and assign its value to CLOUDFLARE_API_TOKEN.[0m


🪵  Logs were written to "/Users/brentdubose/.wrangler/logs/wrangler-2026-07-18_21-04-22_001.log"


==================================================
✅ COMPLETE: 1 articles
  Content sites: 0/1 deployed
  Rent/R&R sites: 0/0 deployed
🎯 Quality pass: 1/1
🚀 ALL SITES Content Pipeline — 2026-07-18 17:04
Sites: 1 (1 content + 0 rent)

==================================================
📝 ozempicproviders.com → semaglutide dosage titration guide for beginners...
  Researching...
  Generating...
  ✅ 2609w, 11 H2s, 📊 table, ❓ FAQ (7)
  ❌ blog.ozempicproviders.com/semaglutide-dosage-titration-guide-for-beginners → ozempic-providers-2026
     stderr: ler to work. Please go to https://developers.cloudflare.com/fundamentals/api/get-started/create-token/ for instructions on how to create an api token, and assign its value to CLOUDFLARE_API_TOKEN.[0m


🪵  Logs were written to "/Users/brentdubose/.wrangler/logs/wrangler-2026-07-18_21-05-11_549.log"


==================================================
✅ COMPLETE: 1 articles
  Content sites: 0/1 deployed
  Rent/R&R sites: 0/0 deployed
🎯 Quality pass: 1/1
🚀 ALL SITES Content Pipeline — 2026-07-18 17:05
Sites: 1 (1 content + 0 rent)

==================================================
📝 tariffcalculator2026.com → tariffs on electronics imports from Asia 2026...
  Researching...
  Generating...
  ✅ 2405w, 9 H2s, 📊 table, ❓ FAQ (7)
  ❌ blog.tariffcalculator2026.com/tariffs-on-electronics-imports-from-asia-2026 → tariff-calculator-2026
     stderr: ler to work. Please go to https://developers.cloudflare.com/fundamentals/api/get-started/create-token/ for instructions on how to create an api token, and assign its value to CLOUDFLARE_API_TOKEN.[0m


🪵  Logs were written to "/Users/brentdubose/.wrangler/logs/wrangler-2026-07-18_21-06-03_179.log"


==================================================
✅ COMPLETE: 1 articles
  Content sites: 0/1 deployed
  Rent/R&R sites: 0/0 deployed
🎯 Quality pass: 1/1
🚀 ALL SITES Content Pipeline — 2026-07-18 17:06
Sites: 1 (0 content + 1 rent)

==================================================
🏠 hvacmaintenancepros.com → indoor air quality solutions for homes...
  Researching...
  Generating...
  ✅ 2809w, 7 H2s, 📊 table, ❓ FAQ (7)
  ❌ hvacmaintenancepros.com/blog/indoor-air-quality-solutions-for-homes/ → hvac-maintenance
     stderr: ler to work. Please go to https://developers.cloudflare.com/fundamentals/api/get-started/create-token/ for instructions on how to create an api token, and assign its value to CLOUDFLARE_API_TOKEN.[0m


🪵  Logs were written to "/Users/brentdubose/.wrangler/logs/wrangler-2026-07-18_21-07-00_119.log"


==================================================
✅ COMPLETE: 1 articles
  Content sites: 0/0 deployed
  Rent/R&R sites: 0/1 deployed
🎯 Quality pass: 1/1
🚀 ALL SITES Content Pipeline — 2026-07-18 17:07
Sites: 1 (0 content + 1 rent)

==================================================
🏠 sumpumpplumbers.com → basement flooding emergency steps...
  Researching...
  Generating...
  ✅ 2392w, 11 H2s, 📊 table, ❓ FAQ (6)
  ❌ sumpumpplumbers.com/blog/basement-flooding-emergency-steps/ → sump-pump-plumbers
     stderr: ler to work. Please go to https://developers.cloudflare.com/fundamentals/api/get-started/create-token/ for instructions on how to create an api token, and assign its value to CLOUDFLARE_API_TOKEN.[0m


🪵  Logs were written to "/Users/brentdubose/.wrangler/logs/wrangler-2026-07-18_21-07-57_140.log"


==================================================
✅ COMPLETE: 1 articles
  Content sites: 0/0 deployed
  Rent/R&R sites: 0/1 deployed
🎯 Quality pass: 1/1
🚀 ALL SITES Content Pipeline — 2026-07-18 17:08
Sites: 1 (0 content + 1 rent)

==================================================
🏠 roofshinglepros.com → how to spot hail damage on shingles...
  Researching...
  ⚠️ API error (attempt 1/4), retrying in 5s: HTTPSConnectionPool(host='api.deepseek.com', port=443): Read timed out. (read timeout=300)
  ⚠️ API error (attempt 2/4), retrying in 10s: HTTPSConnectionPool(host='api.deepseek.com', port=443): Read timed out. (read timeout=300)
  ⚠️ API error (attempt 3/4), retrying in 20s: HTTPSConnectionPool(host='api.deepseek.com', port=443): Read timed out. (read timeout=300)
  Generating...
  ✅ 3188w, 10 H2s, 📊 table, ❓ FAQ (6)
  ❌ roofshinglepros.com/blog/how-to-spot-hail-damage-on-shingles/ → roof-shingle
     stderr: ler to work. Please go to https://developers.cloudflare.com/fundamentals/api/get-started/create-token/ for instructions on how to create an api token, and assign its value to CLOUDFLARE_API_TOKEN.[0m


🪵  Logs were written to "/Users/brentdubose/.wrangler/logs/wrangler-2026-07-18_21-10-54_872.log"


==================================================
✅ COMPLETE: 1 articles
  Content sites: 0/0 deployed
  Rent/R&R sites: 0/1 deployed
🎯 Quality pass: 1/1
🚀 ALL SITES Content Pipeline — 2026-07-19 05:00
Sites: 1 (1 content + 0 rent)

==================================================
📝 findaiagency.com → AI workflow automation implementation guide...
  Researching...
  Generating...
  ✅ 2944w, 11 H2s, 📊 table, ❓ FAQ (7)
  ❌ blog.findaiagency.com/ai-workflow-automation-implementation-guide → findaiagency
     stderr: ler to work. Please go to https://developers.cloudflare.com/fundamentals/api/get-started/create-token/ for instructions on how to create an api token, and assign its value to CLOUDFLARE_API_TOKEN.[0m


🪵  Logs were written to "/Users/brentdubose/.wrangler/logs/wrangler-2026-07-19_09-01-37_134.log"


==================================================
✅ COMPLETE: 1 articles
  Content sites: 0/1 deployed
  Rent/R&R sites: 0/0 deployed
🎯 Quality pass: 1/1
🚀 ALL SITES Content Pipeline — 2026-07-19 05:01
Sites: 1 (1 content + 0 rent)

==================================================
📝 aiagencycalculator.com → AI maintenance and support costs annual projection...
  Researching...
  Generating...
  ✅ 2504w, 12 H2s, 📊 table, ❓ FAQ (6)
  ❌ blog.aiagencycalculator.com/ai-maintenance-and-support-costs-annual-projection → ai-agency-pricing-calculator
     stderr: ler to work. Please go to https://developers.cloudflare.com/fundamentals/api/get-started/create-token/ for instructions on how to create an api token, and assign its value to CLOUDFLARE_API_TOKEN.[0m


🪵  Logs were written to "/Users/brentdubose/.wrangler/logs/wrangler-2026-07-19_09-02-45_749.log"


==================================================
✅ COMPLETE: 1 articles
  Content sites: 0/1 deployed
  Rent/R&R sites: 0/0 deployed
🎯 Quality pass: 1/1
🚀 ALL SITES Content Pipeline — 2026-07-19 05:02
Sites: 1 (1 content + 0 rent)

==================================================
📝 mybusinessaiaudit.com → AI data readiness what to check before starting...
  Researching...
  Generating...
  ✅ 2587w, 11 H2s, 📊 table, ❓ FAQ (6)
  ❌ blog.mybusinessaiaudit.com/ai-data-readiness-what-to-check-before-starting → mybusiness-ai-audit
     stderr: ler to work. Please go to https://developers.cloudflare.com/fundamentals/api/get-started/create-token/ for instructions on how to create an api token, and assign its value to CLOUDFLARE_API_TOKEN.[0m


🪵  Logs were written to "/Users/brentdubose/.wrangler/logs/wrangler-2026-07-19_09-03-46_519.log"


==================================================
✅ COMPLETE: 1 articles
  Content sites: 0/1 deployed
  Rent/R&R sites: 0/0 deployed
🎯 Quality pass: 1/1
🚀 ALL SITES Content Pipeline — 2026-07-19 05:03
Sites: 1 (1 content + 0 rent)

==================================================
📝 ozempicproviders.com → Ozempic shortage 2026 supply update and alternatives...
  Researching...
  Generating...
  ✅ 2337w, 10 H2s, 📊 table, ❓ FAQ (6)
  ❌ blog.ozempicproviders.com/ozempic-shortage-2026-supply-update-and-alternatives → ozempic-providers-2026
     stderr: ler to work. Please go to https://developers.cloudflare.com/fundamentals/api/get-started/create-token/ for instructions on how to create an api token, and assign its value to CLOUDFLARE_API_TOKEN.[0m


🪵  Logs were written to "/Users/brentdubose/.wrangler/logs/wrangler-2026-07-19_09-04-44_702.log"


==================================================
✅ COMPLETE: 1 articles
  Content sites: 0/1 deployed
  Rent/R&R sites: 0/0 deployed
🎯 Quality pass: 1/1
🚀 ALL SITES Content Pipeline — 2026-07-19 05:04
Sites: 1 (1 content + 0 rent)

==================================================
📝 tariffcalculator2026.com → how to apply for tariff exclusion or drawback...
  Researching...
  Generating...
  ✅ 2449w, 12 H2s, 📊 table, ❓ FAQ (7)
  ❌ blog.tariffcalculator2026.com/how-to-apply-for-tariff-exclusion-or-drawback → tariff-calculator-2026
     stderr: ler to work. Please go to https://developers.cloudflare.com/fundamentals/api/get-started/create-token/ for instructions on how to create an api token, and assign its value to CLOUDFLARE_API_TOKEN.[0m


🪵  Logs were written to "/Users/brentdubose/.wrangler/logs/wrangler-2026-07-19_09-05-47_175.log"


==================================================
✅ COMPLETE: 1 articles
  Content sites: 0/1 deployed
  Rent/R&R sites: 0/0 deployed
🎯 Quality pass: 1/1
🚀 ALL SITES Content Pipeline — 2026-07-19 05:05
Sites: 1 (0 content + 1 rent)

==================================================
🏠 hvacmaintenancepros.com → preventing HVAC breakdowns seasonal checklist...
  Researching...
  Generating...
  ✅ 2689w, 9 H2s, 📊 table, ❓ FAQ (7)
  ❌ hvacmaintenancepros.com/blog/preventing-hvac-breakdowns-seasonal-checklist/ → hvac-maintenance
     stderr: ler to work. Please go to https://developers.cloudflare.com/fundamentals/api/get-started/create-token/ for instructions on how to create an api token, and assign its value to CLOUDFLARE_API_TOKEN.[0m


🪵  Logs were written to "/Users/brentdubose/.wrangler/logs/wrangler-2026-07-19_09-06-59_057.log"


==================================================
✅ COMPLETE: 1 articles
  Content sites: 0/0 deployed
  Rent/R&R sites: 0/1 deployed
🎯 Quality pass: 1/1
🚀 ALL SITES Content Pipeline — 2026-07-19 05:07
Sites: 1 (0 content + 1 rent)

==================================================
🏠 sumpumpplumbers.com → sump pump installation code requirements...
  Researching...
  Generating...
  ✅ 2548w, 9 H2s, 📊 table, ❓ FAQ (7)
  ❌ sumpumpplumbers.com/blog/sump-pump-installation-code-requirements/ → sump-pump-plumbers
     stderr: ler to work. Please go to https://developers.cloudflare.com/fundamentals/api/get-started/create-token/ for instructions on how to create an api token, and assign its value to CLOUDFLARE_API_TOKEN.[0m


🪵  Logs were written to "/Users/brentdubose/.wrangler/logs/wrangler-2026-07-19_09-08-03_307.log"


==================================================
✅ COMPLETE: 1 articles
  Content sites: 0/0 deployed
  Rent/R&R sites: 0/1 deployed
🎯 Quality pass: 1/1
🚀 ALL SITES Content Pipeline — 2026-07-19 05:08
Sites: 1 (0 content + 1 rent)

==================================================
🏠 roofshinglepros.com → roof maintenance checklist for homeowners...
  Researching...
  Generating...
  ✅ 2923w, 12 H2s, 📊 table, ❓ FAQ (6)
  ❌ roofshinglepros.com/blog/roof-maintenance-checklist-for-homeowners/ → roof-shingle
     stderr: ler to work. Please go to https://developers.cloudflare.com/fundamentals/api/get-started/create-token/ for instructions on how to create an api token, and assign its value to CLOUDFLARE_API_TOKEN.[0m


🪵  Logs were written to "/Users/brentdubose/.wrangler/logs/wrangler-2026-07-19_09-09-09_406.log"


==================================================
✅ COMPLETE: 1 articles
  Content sites: 0/0 deployed
  Rent/R&R sites: 0/1 deployed
🎯 Quality pass: 1/1
🚀 ALL SITES Content Pipeline — 2026-07-19 05:09
Sites: 1 (0 content + 1 rent)

==================================================
🏠 fencingcontractorspros.com → fence repair vs replacement when to replace...
  Researching...
  Generating...
  ✅ 3168w, 13 H2s, 📊 table, ❓ FAQ (6)
  ❌ fencingcontractorspros.com/blog/fence-repair-vs-replacement-when-to-replace/ → fencing-contractors
     stderr: ler to work. Please go to https://developers.cloudflare.com/fundamentals/api/get-started/create-token/ for instructions on how to create an api token, and assign its value to CLOUDFLARE_API_TOKEN.[0m


🪵  Logs were written to "/Users/brentdubose/.wrangler/logs/wrangler-2026-07-19_09-10-18_662.log"


==================================================
✅ COMPLETE: 1 articles
  Content sites: 0/0 deployed
  Rent/R&R sites: 0/1 deployed
🎯 Quality pass: 1/1
🚀 ALL SITES Content Pipeline — 2026-07-19 05:10
Sites: 1 (0 content + 1 rent)

==================================================
🏠 smartlightingpros.com → holiday smart lighting automation...
  Researching...
  Generating...
  ✅ 2792w, 13 H2s, 📊 table, ❓ FAQ (6)
  ❌ smartlightingpros.com/blog/holiday-smart-lighting-automation/ → smart-lighting
     stderr: ler to work. Please go to https://developers.cloudflare.com/fundamentals/api/get-started/create-token/ for instructions on how to create an api token, and assign its value to CLOUDFLARE_API_TOKEN.[0m


🪵  Logs were written to "/Users/brentdubose/.wrangler/logs/wrangler-2026-07-19_09-11-30_318.log"


==================================================
✅ COMPLETE: 1 articles
  Content sites: 0/0 deployed
  Rent/R&R sites: 0/1 deployed
🎯 Quality pass: 1/1
🚀 ALL SITES Content Pipeline — 2026-07-19 17:00
Sites: 1 (1 content + 0 rent)

==================================================
📝 findaiagency.com → AI workflow automation implementation guide...
  Researching...
  Generating...
  ✅ 2289w, 13 H2s, 📊 table, ❓ FAQ (6)
  ❌ blog.findaiagency.com/ai-workflow-automation-implementation-guide → findaiagency
     stderr: ler to work. Please go to https://developers.cloudflare.com/fundamentals/api/get-started/create-token/ for instructions on how to create an api token, and assign its value to CLOUDFLARE_API_TOKEN.[0m


🪵  Logs were written to "/Users/brentdubose/.wrangler/logs/wrangler-2026-07-19_21-01-36_688.log"


==================================================
✅ COMPLETE: 1 articles
  Content sites: 0/1 deployed
  Rent/R&R sites: 0/0 deployed
🎯 Quality pass: 1/1
🚀 ALL SITES Content Pipeline — 2026-07-19 17:01
Sites: 1 (1 content + 0 rent)

==================================================
📝 aiagencycalculator.com → AI maintenance and support costs annual projection...
  Researching...
  Generating...
  ✅ 2128w, 10 H2s, 📊 table, ❓ FAQ (7)
  ❌ blog.aiagencycalculator.com/ai-maintenance-and-support-costs-annual-projection → ai-agency-pricing-calculator
     stderr: ler to work. Please go to https://developers.cloudflare.com/fundamentals/api/get-started/create-token/ for instructions on how to create an api token, and assign its value to CLOUDFLARE_API_TOKEN.[0m


🪵  Logs were written to "/Users/brentdubose/.wrangler/logs/wrangler-2026-07-19_21-02-36_703.log"


==================================================
✅ COMPLETE: 1 articles
  Content sites: 0/1 deployed
  Rent/R&R sites: 0/0 deployed
🎯 Quality pass: 1/1
🚀 ALL SITES Content Pipeline — 2026-07-19 17:02
Sites: 1 (1 content + 0 rent)

==================================================
📝 mybusinessaiaudit.com → AI data readiness what to check before starting...
  Researching...
  Generating...
  ✅ 2975w, 12 H2s, 📊 table, ❓ FAQ (7)
  ❌ blog.mybusinessaiaudit.com/ai-data-readiness-what-to-check-before-starting → mybusiness-ai-audit
     stderr: ler to work. Please go to https://developers.cloudflare.com/fundamentals/api/get-started/create-token/ for instructions on how to create an api token, and assign its value to CLOUDFLARE_API_TOKEN.[0m


🪵  Logs were written to "/Users/brentdubose/.wrangler/logs/wrangler-2026-07-19_21-03-48_915.log"


==================================================
✅ COMPLETE: 1 articles
  Content sites: 0/1 deployed
  Rent/R&R sites: 0/0 deployed
🎯 Quality pass: 1/1
🚀 ALL SITES Content Pipeline — 2026-07-19 17:03
Sites: 1 (1 content + 0 rent)

==================================================
📝 ozempicproviders.com → Ozempic shortage 2026 supply update and alternatives...
  Researching...
  Generating...
  ✅ 2184w, 11 H2s, 📊 table, ❓ FAQ (6)
  ❌ blog.ozempicproviders.com/ozempic-shortage-2026-supply-update-and-alternatives → ozempic-providers-2026
     stderr: ler to work. Please go to https://developers.cloudflare.com/fundamentals/api/get-started/create-token/ for instructions on how to create an api token, and assign its value to CLOUDFLARE_API_TOKEN.[0m


🪵  Logs were written to "/Users/brentdubose/.wrangler/logs/wrangler-2026-07-19_21-04-41_405.log"


==================================================
✅ COMPLETE: 1 articles
  Content sites: 0/1 deployed
  Rent/R&R sites: 0/0 deployed
🎯 Quality pass: 1/1
🚀 ALL SITES Content Pipeline — 2026-07-19 17:04
Sites: 1 (1 content + 0 rent)

==================================================
📝 tariffcalculator2026.com → how to apply for tariff exclusion or drawback...
  Researching...
  Generating...
  ✅ 2745w, 10 H2s, 📊 table, ❓ FAQ (7)
  ❌ blog.tariffcalculator2026.com/how-to-apply-for-tariff-exclusion-or-drawback → tariff-calculator-2026
     stderr: ler to work. Please go to https://developers.cloudflare.com/fundamentals/api/get-started/create-token/ for instructions on how to create an api token, and assign its value to CLOUDFLARE_API_TOKEN.[0m


🪵  Logs were written to "/Users/brentdubose/.wrangler/logs/wrangler-2026-07-19_21-05-47_692.log"


==================================================
✅ COMPLETE: 1 articles
  Content sites: 0/1 deployed
  Rent/R&R sites: 0/0 deployed
🎯 Quality pass: 1/1
🚀 ALL SITES Content Pipeline — 2026-07-19 17:05
Sites: 1 (0 content + 1 rent)

==================================================
🏠 hvacmaintenancepros.com → preventing HVAC breakdowns seasonal checklist...
  Researching...
  Generating...
  ✅ 2416w, 11 H2s, 📊 table, ❓ FAQ (6)
  ❌ hvacmaintenancepros.com/blog/preventing-hvac-breakdowns-seasonal-checklist/ → hvac-maintenance
     stderr: ler to work. Please go to https://developers.cloudflare.com/fundamentals/api/get-started/create-token/ for instructions on how to create an api token, and assign its value to CLOUDFLARE_API_TOKEN.[0m


🪵  Logs were written to "/Users/brentdubose/.wrangler/logs/wrangler-2026-07-19_21-06-47_073.log"


==================================================
✅ COMPLETE: 1 articles
  Content sites: 0/0 deployed
  Rent/R&R sites: 0/1 deployed
🎯 Quality pass: 1/1
🚀 ALL SITES Content Pipeline — 2026-07-19 17:06
Sites: 1 (0 content + 1 rent)

==================================================
🏠 sumpumpplumbers.com → sump pump installation code requirements...
  Researching...
  Generating...
  ✅ 2981w, 9 H2s, 📊 table, ❓ FAQ (7)
  ❌ sumpumpplumbers.com/blog/sump-pump-installation-code-requirements/ → sump-pump-plumbers
     stderr: ler to work. Please go to https://developers.cloudflare.com/fundamentals/api/get-started/create-token/ for instructions on how to create an api token, and assign its value to CLOUDFLARE_API_TOKEN.[0m


🪵  Logs were written to "/Users/brentdubose/.wrangler/logs/wrangler-2026-07-19_21-07-55_683.log"


==================================================
✅ COMPLETE: 1 articles
  Content sites: 0/0 deployed
  Rent/R&R sites: 0/1 deployed
🎯 Quality pass: 1/1
🚀 ALL SITES Content Pipeline — 2026-07-19 17:07
Sites: 1 (0 content + 1 rent)

==================================================
🏠 roofshinglepros.com → roof maintenance checklist for homeowners...
  Researching...
  Generating...
  ✅ 2213w, 12 H2s, 📊 table, ❓ FAQ (6)
  ❌ roofshinglepros.com/blog/roof-maintenance-checklist-for-homeowners/ → roof-shingle
     stderr: ler to work. Please go to https://developers.cloudflare.com/fundamentals/api/get-started/create-token/ for instructions on how to create an api token, and assign its value to CLOUDFLARE_API_TOKEN.[0m


🪵  Logs were written to "/Users/brentdubose/.wrangler/logs/wrangler-2026-07-19_21-08-49_307.log"


==================================================
✅ COMPLETE: 1 articles
  Content sites: 0/0 deployed
  Rent/R&R sites: 0/1 deployed
🎯 Quality pass: 1/1
🚀 ALL SITES Content Pipeline — 2026-07-19 17:08
Sites: 1 (0 content + 1 rent)

==================================================
🏠 fencingcontractorspros.com → fence repair vs replacement when to replace...
  Researching...
  Generating...
  ✅ 3223w, 12 H2s, 📊 table, ❓ FAQ (4)
  ❌ fencingcontractorspros.com/blog/fence-repair-vs-replacement-when-to-replace/ → fencing-contractors
     stderr: ler to work. Please go to https://developers.cloudflare.com/fundamentals/api/get-started/create-token/ for instructions on how to create an api token, and assign its value to CLOUDFLARE_API_TOKEN.[0m


🪵  Logs were written to "/Users/brentdubose/.wrangler/logs/wrangler-2026-07-19_21-09-54_609.log"


==================================================
✅ COMPLETE: 1 articles
  Content sites: 0/0 deployed
  Rent/R&R sites: 0/1 deployed
🎯 Quality pass: 1/1
🚀 ALL SITES Content Pipeline — 2026-07-19 17:09
Sites: 1 (0 content + 1 rent)

==================================================
🏠 smartlightingpros.com → holiday smart lighting automation...
  Researching...
  Generating...
  ✅ 3184w, 15 H2s, 📊 table, ❓ FAQ (6)
  ❌ smartlightingpros.com/blog/holiday-smart-lighting-automation/ → smart-lighting
     stderr: ler to work. Please go to https://developers.cloudflare.com/fundamentals/api/get-started/create-token/ for instructions on how to create an api token, and assign its value to CLOUDFLARE_API_TOKEN.[0m


🪵  Logs were written to "/Users/brentdubose/.wrangler/logs/wrangler-2026-07-19_21-11-10_244.log"


==================================================
✅ COMPLETE: 1 articles
  Content sites: 0/0 deployed
  Rent/R&R sites: 0/1 deployed
🎯 Quality pass: 1/1
🚀 ALL SITES Content Pipeline — 2026-07-20 05:00
Sites: 1 (1 content + 0 rent)

==================================================
📝 findaiagency.com → AI automation ROI for small business...
  Researching...
  Generating...
  ✅ 2829w, 14 H2s, 📊 table, ❓ FAQ (6)
  ❌ blog.findaiagency.com/ai-automation-roi-for-small-business → findaiagency
     stderr: ler to work. Please go to https://developers.cloudflare.com/fundamentals/api/get-started/create-token/ for instructions on how to create an api token, and assign its value to CLOUDFLARE_API_TOKEN.[0m


🪵  Logs were written to "/Users/brentdubose/.wrangler/logs/wrangler-2026-07-20_09-01-49_490.log"


==================================================
✅ COMPLETE: 1 articles
  Content sites: 0/1 deployed
  Rent/R&R sites: 0/0 deployed
🎯 Quality pass: 1/1
🚀 ALL SITES Content Pipeline — 2026-07-20 05:01
Sites: 1 (1 content + 0 rent)

==================================================
📝 aiagencycalculator.com → AI automation ROI calculator guide...
  Researching...
  Generating...
  ✅ 2526w, 13 H2s, 📊 table, ❓ FAQ (6)
  ❌ blog.aiagencycalculator.com/ai-automation-roi-calculator-guide → ai-agency-pricing-calculator
     stderr: ler to work. Please go to https://developers.cloudflare.com/fundamentals/api/get-started/create-token/ for instructions on how to create an api token, and assign its value to CLOUDFLARE_API_TOKEN.[0m


🪵  Logs were written to "/Users/brentdubose/.wrangler/logs/wrangler-2026-07-20_09-02-43_469.log"


==================================================
✅ COMPLETE: 1 articles
  Content sites: 0/1 deployed
  Rent/R&R sites: 0/0 deployed
🎯 Quality pass: 1/1
🚀 ALL SITES Content Pipeline — 2026-07-20 05:02
Sites: 1 (1 content + 0 rent)

==================================================
📝 mybusinessaiaudit.com → AI automation checklist for 2026...
  Researching...
  Generating...
  ✅ 2392w, 9 H2s, 📊 table, ❓ FAQ (7)
  ❌ blog.mybusinessaiaudit.com/ai-automation-checklist-for-2026 → mybusiness-ai-audit
     stderr: ler to work. Please go to https://developers.cloudflare.com/fundamentals/api/get-started/create-token/ for instructions on how to create an api token, and assign its value to CLOUDFLARE_API_TOKEN.[0m


🪵  Logs were written to "/Users/brentdubose/.wrangler/logs/wrangler-2026-07-20_09-03-36_194.log"


==================================================
✅ COMPLETE: 1 articles
  Content sites: 0/1 deployed
  Rent/R&R sites: 0/0 deployed
🎯 Quality pass: 1/1
🚀 ALL SITES Content Pipeline — 2026-07-20 05:03
Sites: 1 (1 content + 0 rent)

==================================================
📝 ozempicproviders.com → GLP-1 weight loss medication guide 2026...
  Researching...
  Generating...
  ✅ 2394w, 11 H2s, 📊 table, ❓ FAQ (6)
  ❌ blog.ozempicproviders.com/glp-1-weight-loss-medication-guide-2026 → ozempic-providers-2026
     stderr: ler to work. Please go to https://developers.cloudflare.com/fundamentals/api/get-started/create-token/ for instructions on how to create an api token, and assign its value to CLOUDFLARE_API_TOKEN.[0m


🪵  Logs were written to "/Users/brentdubose/.wrangler/logs/wrangler-2026-07-20_09-04-26_945.log"


==================================================
✅ COMPLETE: 1 articles
  Content sites: 0/1 deployed
  Rent/R&R sites: 0/0 deployed
🎯 Quality pass: 1/1
🚀 ALL SITES Content Pipeline — 2026-07-20 05:04
Sites: 1 (1 content + 0 rent)

==================================================
📝 tariffcalculator2026.com → China tariff rates 2026 explained...
  Researching...
  Generating...
  ✅ 2422w, 10 H2s, 📊 table, ❓ FAQ (7)
  ❌ blog.tariffcalculator2026.com/china-tariff-rates-2026-explained → tariff-calculator-2026
     stderr: ler to work. Please go to https://developers.cloudflare.com/fundamentals/api/get-started/create-token/ for instructions on how to create an api token, and assign its value to CLOUDFLARE_API_TOKEN.[0m


🪵  Logs were written to "/Users/brentdubose/.wrangler/logs/wrangler-2026-07-20_09-05-17_540.log"


==================================================
✅ COMPLETE: 1 articles
  Content sites: 0/1 deployed
  Rent/R&R sites: 0/0 deployed
🎯 Quality pass: 1/1
🚀 ALL SITES Content Pipeline — 2026-07-20 05:05
Sites: 1 (0 content + 1 rent)

==================================================
🏠 hvacmaintenancepros.com → furnace maintenance tips for winter...
  Researching...
  Generating...
  ✅ 2846w, 10 H2s, 📊 table, ❓ FAQ (6)
  ❌ hvacmaintenancepros.com/blog/furnace-maintenance-tips-for-winter/ → hvac-maintenance
     stderr: ler to work. Please go to https://developers.cloudflare.com/fundamentals/api/get-started/create-token/ for instructions on how to create an api token, and assign its value to CLOUDFLARE_API_TOKEN.[0m


🪵  Logs were written to "/Users/brentdubose/.wrangler/logs/wrangler-2026-07-20_09-06-16_121.log"


==================================================
✅ COMPLETE: 1 articles
  Content sites: 0/0 deployed
  Rent/R&R sites: 0/1 deployed
🎯 Quality pass: 1/1
🚀 ALL SITES Content Pipeline — 2026-07-20 05:06
Sites: 1 (0 content + 1 rent)

==================================================
🏠 sumpumpplumbers.com → sump pump maintenance before rainy season...
  Researching...
  Generating...
  ✅ 3316w, 12 H2s, 📊 table, ❓ FAQ (7)
  ❌ sumpumpplumbers.com/blog/sump-pump-maintenance-before-rainy-season/ → sump-pump-plumbers
     stderr: ler to work. Please go to https://developers.cloudflare.com/fundamentals/api/get-started/create-token/ for instructions on how to create an api token, and assign its value to CLOUDFLARE_API_TOKEN.[0m


🪵  Logs were written to "/Users/brentdubose/.wrangler/logs/wrangler-2026-07-20_09-07-16_658.log"


==================================================
✅ COMPLETE: 1 articles
  Content sites: 0/0 deployed
  Rent/R&R sites: 0/1 deployed
🎯 Quality pass: 1/1
🚀 ALL SITES Content Pipeline — 2026-07-20 05:07
Sites: 1 (0 content + 1 rent)

==================================================
🏠 roofshinglepros.com → metal roof vs shingles cost and durability...
  Researching...
  Generating...
  ✅ 2612w, 13 H2s, 📊 table, ❓ FAQ (6)
  ❌ roofshinglepros.com/blog/metal-roof-vs-shingles-cost-and-durability/ → roof-shingle
     stderr: ler to work. Please go to https://developers.cloudflare.com/fundamentals/api/get-started/create-token/ for instructions on how to create an api token, and assign its value to CLOUDFLARE_API_TOKEN.[0m


🪵  Logs were written to "/Users/brentdubose/.wrangler/logs/wrangler-2026-07-20_09-08-16_976.log"


==================================================
✅ COMPLETE: 1 articles
  Content sites: 0/0 deployed
  Rent/R&R sites: 0/1 deployed
🎯 Quality pass: 1/1
🚀 ALL SITES Content Pipeline — 2026-07-20 05:08
Sites: 1 (0 content + 1 rent)

==================================================
🏠 fencingcontractorspros.com → chain link fence replacement alternatives...
  Researching...
  Generating...
  ✅ 2130w, 12 H2s, 📊 table, ❓ FAQ (6)
  ❌ fencingcontractorspros.com/blog/chain-link-fence-replacement-alternatives/ → fencing-contractors
     stderr: ler to work. Please go to https://developers.cloudflare.com/fundamentals/api/get-started/create-token/ for instructions on how to create an api token, and assign its value to CLOUDFLARE_API_TOKEN.[0m


🪵  Logs were written to "/Users/brentdubose/.wrangler/logs/wrangler-2026-07-20_09-09-05_064.log"


==================================================
✅ COMPLETE: 1 articles
  Content sites: 0/0 deployed
  Rent/R&R sites: 0/1 deployed
🎯 Quality pass: 1/1
🚀 ALL SITES Content Pipeline — 2026-07-20 05:09
Sites: 1 (0 content + 1 rent)

==================================================
🏠 smartlightingpros.com → smart light switch installation DIY guide...
  Researching...
  Generating...
  ✅ 2752w, 10 H2s, 📊 table, ❓ FAQ (6)
  ❌ smartlightingpros.com/blog/smart-light-switch-installation-diy-guide/ → smart-lighting
     stderr: ler to work. Please go to https://developers.cloudflare.com/fundamentals/api/get-started/create-token/ for instructions on how to create an api token, and assign its value to CLOUDFLARE_API_TOKEN.[0m


🪵  Logs were written to "/Users/brentdubose/.wrangler/logs/wrangler-2026-07-20_09-10-03_603.log"


==================================================
✅ COMPLETE: 1 articles
  Content sites: 0/0 deployed
  Rent/R&R sites: 0/1 deployed
🎯 Quality pass: 1/1
🚀 ALL SITES Content Pipeline — 2026-07-20 05:10
Sites: 1 (0 content + 1 rent)

==================================================
🏠 autobodyrepairpros.com → frame damage repair safety considerations...
  Researching...
  Generating...
  ✅ 2571w, 10 H2s, 📊 table, ❓ FAQ (6)
  ❌ autobodyrepairpros.com/blog/frame-damage-repair-safety-considerations/ → auto-body-repair
     stderr: ler to work. Please go to https://developers.cloudflare.com/fundamentals/api/get-started/create-token/ for instructions on how to create an api token, and assign its value to CLOUDFLARE_API_TOKEN.[0m


🪵  Logs were written to "/Users/brentdubose/.wrangler/logs/wrangler-2026-07-20_09-11-08_934.log"


==================================================
✅ COMPLETE: 1 articles
  Content sites: 0/0 deployed
  Rent/R&R sites: 0/1 deployed
🎯 Quality pass: 1/1
🚀 ALL SITES Content Pipeline — 2026-07-20 17:00
Sites: 1 (1 content + 0 rent)

==================================================
📝 findaiagency.com → AI automation ROI for small business...
  Researching...
  Generating...
  ✅ 2710w, 13 H2s, 📊 table, ❓ FAQ (7)
  ❌ blog.findaiagency.com/ai-automation-roi-for-small-business → findaiagency
     stderr: ler to work. Please go to https://developers.cloudflare.com/fundamentals/api/get-started/create-token/ for instructions on how to create an api token, and assign its value to CLOUDFLARE_API_TOKEN.[0m


🪵  Logs were written to "/Users/brentdubose/.wrangler/logs/wrangler-2026-07-20_21-01-38_741.log"


==================================================
✅ COMPLETE: 1 articles
  Content sites: 0/1 deployed
  Rent/R&R sites: 0/0 deployed
🎯 Quality pass: 1/1
🚀 ALL SITES Content Pipeline — 2026-07-20 17:01
Sites: 1 (1 content + 0 rent)

==================================================
📝 aiagencycalculator.com → AI automation ROI calculator guide...
  Researching...
  Generating...
  ✅ 1985w, 12 H2s, 📊 table, ❓ FAQ (6)
  ❌ blog.aiagencycalculator.com/ai-automation-roi-calculator-guide → ai-agency-pricing-calculator
     stderr: ler to work. Please go to https://developers.cloudflare.com/fundamentals/api/get-started/create-token/ for instructions on how to create an api token, and assign its value to CLOUDFLARE_API_TOKEN.[0m


🪵  Logs were written to "/Users/brentdubose/.wrangler/logs/wrangler-2026-07-20_21-02-40_910.log"


==================================================
✅ COMPLETE: 1 articles
  Content sites: 0/1 deployed
  Rent/R&R sites: 0/0 deployed
🎯 Quality pass: 1/1
🚀 ALL SITES Content Pipeline — 2026-07-20 17:02
Sites: 1 (1 content + 0 rent)

==================================================
📝 mybusinessaiaudit.com → AI automation checklist for 2026...
  Researching...
  Generating...
  ✅ 2203w, 10 H2s, 📊 table, ❓ FAQ (6)
  ❌ blog.mybusinessaiaudit.com/ai-automation-checklist-for-2026 → mybusiness-ai-audit
     stderr: ler to work. Please go to https://developers.cloudflare.com/fundamentals/api/get-started/create-token/ for instructions on how to create an api token, and assign its value to CLOUDFLARE_API_TOKEN.[0m


🪵  Logs were written to "/Users/brentdubose/.wrangler/logs/wrangler-2026-07-20_21-03-46_314.log"


==================================================
✅ COMPLETE: 1 articles
  Content sites: 0/1 deployed
  Rent/R&R sites: 0/0 deployed
🎯 Quality pass: 1/1
🚀 ALL SITES Content Pipeline — 2026-07-20 17:03
Sites: 1 (1 content + 0 rent)

==================================================
📝 ozempicproviders.com → GLP-1 weight loss medication guide 2026...
  Researching...
  Generating...
  ✅ 2801w, 10 H2s, 📊 table, ❓ FAQ (6)
  ❌ blog.ozempicproviders.com/glp-1-weight-loss-medication-guide-2026 → ozempic-providers-2026
     stderr: ler to work. Please go to https://developers.cloudflare.com/fundamentals/api/get-started/create-token/ for instructions on how to create an api token, and assign its value to CLOUDFLARE_API_TOKEN.[0m


🪵  Logs were written to "/Users/brentdubose/.wrangler/logs/wrangler-2026-07-20_21-04-53_103.log"


==================================================
✅ COMPLETE: 1 articles
  Content sites: 0/1 deployed
  Rent/R&R sites: 0/0 deployed
🎯 Quality pass: 1/1
🚀 ALL SITES Content Pipeline — 2026-07-20 17:04
Sites: 1 (1 content + 0 rent)

==================================================
📝 tariffcalculator2026.com → China tariff rates 2026 explained...
  Researching...
  Generating...
  ✅ 2469w, 9 H2s, 📊 table, ❓ FAQ (6)
  ❌ blog.tariffcalculator2026.com/china-tariff-rates-2026-explained → tariff-calculator-2026
     stderr: ler to work. Please go to https://developers.cloudflare.com/fundamentals/api/get-started/create-token/ for instructions on how to create an api token, and assign its value to CLOUDFLARE_API_TOKEN.[0m


🪵  Logs were written to "/Users/brentdubose/.wrangler/logs/wrangler-2026-07-20_21-05-53_155.log"


==================================================
✅ COMPLETE: 1 articles
  Content sites: 0/1 deployed
  Rent/R&R sites: 0/0 deployed
🎯 Quality pass: 1/1
🚀 ALL SITES Content Pipeline — 2026-07-20 17:05
Sites: 1 (0 content + 1 rent)

==================================================
🏠 hvacmaintenancepros.com → furnace maintenance tips for winter...
  Researching...
  Generating...
  ✅ 2784w, 8 H2s, 📊 table, ❓ FAQ (6)
  ❌ hvacmaintenancepros.com/blog/furnace-maintenance-tips-for-winter/ → hvac-maintenance
     stderr: ler to work. Please go to https://developers.cloudflare.com/fundamentals/api/get-started/create-token/ for instructions on how to create an api token, and assign its value to CLOUDFLARE_API_TOKEN.[0m


🪵  Logs were written to "/Users/brentdubose/.wrangler/logs/wrangler-2026-07-20_21-06-49_624.log"


==================================================
✅ COMPLETE: 1 articles
  Content sites: 0/0 deployed
  Rent/R&R sites: 0/1 deployed
🎯 Quality pass: 1/1
🚀 ALL SITES Content Pipeline — 2026-07-20 17:06
Sites: 1 (0 content + 1 rent)

==================================================
🏠 sumpumpplumbers.com → sump pump maintenance before rainy season...
  Researching...
  Generating...
  ✅ 2856w, 14 H2s, 📊 table, ❓ FAQ (6)
  ❌ sumpumpplumbers.com/blog/sump-pump-maintenance-before-rainy-season/ → sump-pump-plumbers
     stderr: ler to work. Please go to https://developers.cloudflare.com/fundamentals/api/get-started/create-token/ for instructions on how to create an api token, and assign its value to CLOUDFLARE_API_TOKEN.[0m


🪵  Logs were written to "/Users/brentdubose/.wrangler/logs/wrangler-2026-07-20_21-07-47_278.log"


==================================================
✅ COMPLETE: 1 articles
  Content sites: 0/0 deployed
  Rent/R&R sites: 0/1 deployed
🎯 Quality pass: 1/1
🚀 ALL SITES Content Pipeline — 2026-07-20 17:07
Sites: 1 (0 content + 1 rent)

==================================================
🏠 roofshinglepros.com → metal roof vs shingles cost and durability...
  Researching...
  Generating...
  ✅ 2349w, 12 H2s, 📊 table, ❓ FAQ (6)
  ❌ roofshinglepros.com/blog/metal-roof-vs-shingles-cost-and-durability/ → roof-shingle
     stderr: ler to work. Please go to https://developers.cloudflare.com/fundamentals/api/get-started/create-token/ for instructions on how to create an api token, and assign its value to CLOUDFLARE_API_TOKEN.[0m


🪵  Logs were written to "/Users/brentdubose/.wrangler/logs/wrangler-2026-07-20_21-08-50_588.log"


==================================================
✅ COMPLETE: 1 articles
  Content sites: 0/0 deployed
  Rent/R&R sites: 0/1 deployed
🎯 Quality pass: 1/1
🚀 ALL SITES Content Pipeline — 2026-07-20 17:08
Sites: 1 (0 content + 1 rent)

==================================================
🏠 fencingcontractorspros.com → chain link fence replacement alternatives...
  Researching...
  Generating...
  ✅ 3239w, 11 H2s, 📊 table, ❓ FAQ (7)
  ❌ fencingcontractorspros.com/blog/chain-link-fence-replacement-alternatives/ → fencing-contractors
     stderr: ler to work. Please go to https://developers.cloudflare.com/fundamentals/api/get-started/create-token/ for instructions on how to create an api token, and assign its value to CLOUDFLARE_API_TOKEN.[0m


🪵  Logs were written to "/Users/brentdubose/.wrangler/logs/wrangler-2026-07-20_21-09-57_961.log"


==================================================
✅ COMPLETE: 1 articles
  Content sites: 0/0 deployed
  Rent/R&R sites: 0/1 deployed
🎯 Quality pass: 1/1
🚀 ALL SITES Content Pipeline — 2026-07-20 17:10
Sites: 1 (0 content + 1 rent)

==================================================
🏠 smartlightingpros.com → smart light switch installation DIY guide...
  Researching...
  Generating...
  ✅ 2808w, 11 H2s, 📊 table, ❓ FAQ (7)
  ❌ smartlightingpros.com/blog/smart-light-switch-installation-diy-guide/ → smart-lighting
     stderr: ler to work. Please go to https://developers.cloudflare.com/fundamentals/api/get-started/create-token/ for instructions on how to create an api token, and assign its value to CLOUDFLARE_API_TOKEN.[0m


🪵  Logs were written to "/Users/brentdubose/.wrangler/logs/wrangler-2026-07-20_21-10-59_627.log"


==================================================
✅ COMPLETE: 1 articles
  Content sites: 0/0 deployed
  Rent/R&R sites: 0/1 deployed
🎯 Quality pass: 1/1
🚀 ALL SITES Content Pipeline — 2026-07-21 05:00
Sites: 1 (1 content + 0 rent)

==================================================
📝 findaiagency.com → AI automation for healthcare practices 2026...
  Researching...
  Generating...
  ✅ 3005w, 10 H2s, 📊 table, ❓ FAQ (6)
  ❌ blog.findaiagency.com/ai-automation-for-healthcare-practices-2026 → findaiagency
     stderr: ler to work. Please go to https://developers.cloudflare.com/fundamentals/api/get-started/create-token/ for instructions on how to create an api token, and assign its value to CLOUDFLARE_API_TOKEN.[0m


🪵  Logs were written to "/Users/brentdubose/.wrangler/logs/wrangler-2026-07-21_09-01-17_989.log"


==================================================
✅ COMPLETE: 1 articles
  Content sites: 0/1 deployed
  Rent/R&R sites: 0/0 deployed
🎯 Quality pass: 1/1
🚀 ALL SITES Content Pipeline — 2026-07-21 05:01
Sites: 1 (1 content + 0 rent)

==================================================
📝 aiagencycalculator.com → AI chatbot development cost breakdown 2026...
  Researching...
  Generating...
  ✅ 1790w, 10 H2s, 📊 table, ❓ FAQ (6)
  ❌ blog.aiagencycalculator.com/ai-chatbot-development-cost-breakdown-2026 → ai-agency-pricing-calculator
     stderr: ler to work. Please go to https://developers.cloudflare.com/fundamentals/api/get-started/create-token/ for instructions on how to create an api token, and assign its value to CLOUDFLARE_API_TOKEN.[0m


🪵  Logs were written to "/Users/brentdubose/.wrangler/logs/wrangler-2026-07-21_09-02-06_524.log"


==================================================
✅ COMPLETE: 1 articles
  Content sites: 0/1 deployed
  Rent/R&R sites: 0/0 deployed
🎯 Quality pass: 1/1
🚀 ALL SITES Content Pipeline — 2026-07-21 05:02
Sites: 1 (1 content + 0 rent)

==================================================
📝 mybusinessaiaudit.com → AI opportunity assessment for retail businesses...
  Researching...
  Generating...
  ✅ 2570w, 12 H2s, 📊 table, ❓ FAQ (6)
  ❌ blog.mybusinessaiaudit.com/ai-opportunity-assessment-for-retail-businesses → mybusiness-ai-audit
     stderr: ler to work. Please go to https://developers.cloudflare.com/fundamentals/api/get-started/create-token/ for instructions on how to create an api token, and assign its value to CLOUDFLARE_API_TOKEN.[0m


🪵  Logs were written to "/Users/brentdubose/.wrangler/logs/wrangler-2026-07-21_09-03-01_121.log"


==================================================
✅ COMPLETE: 1 articles
  Content sites: 0/1 deployed
  Rent/R&R sites: 0/0 deployed
🎯 Quality pass: 1/1
🚀 ALL SITES Content Pipeline — 2026-07-21 05:03
Sites: 1 (1 content + 0 rent)

==================================================
📝 ozempicproviders.com → Medicare coverage Ozempic 2026 what changed...
  Researching...
  Generating...
  ✅ 2878w, 12 H2s, 📊 table, ❓ FAQ (7)
  ❌ blog.ozempicproviders.com/medicare-coverage-ozempic-2026-what-changed → ozempic-providers-2026
     stderr: ler to work. Please go to https://developers.cloudflare.com/fundamentals/api/get-started/create-token/ for instructions on how to create an api token, and assign its value to CLOUDFLARE_API_TOKEN.[0m


🪵  Logs were written to "/Users/brentdubose/.wrangler/logs/wrangler-2026-07-21_09-04-08_433.log"


==================================================
✅ COMPLETE: 1 articles
  Content sites: 0/1 deployed
  Rent/R&R sites: 0/0 deployed
🎯 Quality pass: 1/1
🚀 ALL SITES Content Pipeline — 2026-07-21 05:04
Sites: 1 (1 content + 0 rent)

==================================================
📝 tariffcalculator2026.com → de minimis rule changes 2026 impact on ecommerce...
  Researching...
  Generating...
  ✅ 2659w, 10 H2s, 📊 table, ❓ FAQ (6)
  ❌ blog.tariffcalculator2026.com/de-minimis-rule-changes-2026-impact-on-ecommerce → tariff-calculator-2026
     stderr: ler to work. Please go to https://developers.cloudflare.com/fundamentals/api/get-started/create-token/ for instructions on how to create an api token, and assign its value to CLOUDFLARE_API_TOKEN.[0m


🪵  Logs were written to "/Users/brentdubose/.wrangler/logs/wrangler-2026-07-21_09-05-10_540.log"


==================================================
✅ COMPLETE: 1 articles
  Content sites: 0/1 deployed
  Rent/R&R sites: 0/0 deployed
🎯 Quality pass: 1/1
🚀 ALL SITES Content Pipeline — 2026-07-21 05:05
Sites: 1 (0 content + 1 rent)

==================================================
🏠 hvacmaintenancepros.com → HVAC warranty what is covered and what is not...
  Researching...
  Generating...
  ✅ 2807w, 14 H2s, 📊 table, ❓ FAQ (7)
  ❌ hvacmaintenancepros.com/blog/hvac-warranty-what-is-covered-and-what-is-not/ → hvac-maintenance
     stderr: ler to work. Please go to https://developers.cloudflare.com/fundamentals/api/get-started/create-token/ for instructions on how to create an api token, and assign its value to CLOUDFLARE_API_TOKEN.[0m


🪵  Logs were written to "/Users/brentdubose/.wrangler/logs/wrangler-2026-07-21_09-06-09_399.log"


==================================================
✅ COMPLETE: 1 articles
  Content sites: 0/0 deployed
  Rent/R&R sites: 0/1 deployed
🎯 Quality pass: 1/1
🚀 ALL SITES Content Pipeline — 2026-07-21 05:06
Sites: 1 (0 content + 1 rent)

==================================================
🏠 sumpumpplumbers.com → how to test your sump pump properly...
  Researching...
  Generating...
  ✅ 3175w, 9 H2s, 📊 table, ❓ FAQ (7)
  ❌ sumpumpplumbers.com/blog/how-to-test-your-sump-pump-properly/ → sump-pump-plumbers
     stderr: ler to work. Please go to https://developers.cloudflare.com/fundamentals/api/get-started/create-token/ for instructions on how to create an api token, and assign its value to CLOUDFLARE_API_TOKEN.[0m


🪵  Logs were written to "/Users/brentdubose/.wrangler/logs/wrangler-2026-07-21_09-07-12_094.log"


==================================================
✅ COMPLETE: 1 articles
  Content sites: 0/0 deployed
  Rent/R&R sites: 0/1 deployed
🎯 Quality pass: 1/1
🚀 ALL SITES Content Pipeline — 2026-07-21 05:07
Sites: 1 (0 content + 1 rent)

==================================================
🏠 roofshinglepros.com → best roofing shingles for high wind areas...
  Researching...
  Generating...
  ✅ 2454w, 10 H2s, 📊 table, ❓ FAQ (6)
  ❌ roofshinglepros.com/blog/best-roofing-shingles-for-high-wind-areas/ → roof-shingle
     stderr: ler to work. Please go to https://developers.cloudflare.com/fundamentals/api/get-started/create-token/ for instructions on how to create an api token, and assign its value to CLOUDFLARE_API_TOKEN.[0m


🪵  Logs were written to "/Users/brentdubose/.wrangler/logs/wrangler-2026-07-21_09-08-12_872.log"


==================================================
✅ COMPLETE: 1 articles
  Content sites: 0/0 deployed
  Rent/R&R sites: 0/1 deployed
🎯 Quality pass: 1/1
🚀 ALL SITES Content Pipeline — 2026-07-21 05:08
Sites: 1 (0 content + 1 rent)

==================================================
🏠 fencingcontractorspros.com → pool fence safety codes and requirements...
  Researching...
  Generating...
  ✅ 3186w, 9 H2s, 📊 table, ❓ FAQ (6)
  ❌ fencingcontractorspros.com/blog/pool-fence-safety-codes-and-requirements/ → fencing-contractors
     stderr: ler to work. Please go to https://developers.cloudflare.com/fundamentals/api/get-started/create-token/ for instructions on how to create an api token, and assign its value to CLOUDFLARE_API_TOKEN.[0m


🪵  Logs were written to "/Users/brentdubose/.wrangler/logs/wrangler-2026-07-21_09-09-20_373.log"


==================================================
✅ COMPLETE: 1 articles
  Content sites: 0/0 deployed
  Rent/R&R sites: 0/1 deployed
🎯 Quality pass: 1/1
🚀 ALL SITES Content Pipeline — 2026-07-21 05:09
Sites: 1 (0 content + 1 rent)

==================================================
🏠 smartlightingpros.com → motion sensor lighting installation tips...
  Researching...
  Generating...
  ✅ 2185w, 9 H2s, 📊 table, ❓ FAQ (6)
  ❌ smartlightingpros.com/blog/motion-sensor-lighting-installation-tips/ → smart-lighting
     stderr: ler to work. Please go to https://developers.cloudflare.com/fundamentals/api/get-started/create-token/ for instructions on how to create an api token, and assign its value to CLOUDFLARE_API_TOKEN.[0m


🪵  Logs were written to "/Users/brentdubose/.wrangler/logs/wrangler-2026-07-21_09-10-16_014.log"


==================================================
✅ COMPLETE: 1 articles
  Content sites: 0/0 deployed
  Rent/R&R sites: 0/1 deployed
🎯 Quality pass: 1/1
🚀 ALL SITES Content Pipeline — 2026-07-21 17:00
Sites: 1 (1 content + 0 rent)

==================================================
📝 findaiagency.com → AI automation for healthcare practices 2026...
  Researching...
  Generating...
  ✅ 3243w, 9 H2s, 📊 table, ❓ FAQ (7)
  ❌ blog.findaiagency.com/ai-automation-for-healthcare-practices-2026 → findaiagency
     stderr: ler to work. Please go to https://developers.cloudflare.com/fundamentals/api/get-started/create-token/ for instructions on how to create an api token, and assign its value to CLOUDFLARE_API_TOKEN.[0m


🪵  Logs were written to "/Users/brentdubose/.wrangler/logs/wrangler-2026-07-21_21-02-25_054.log"


==================================================
✅ COMPLETE: 1 articles
  Content sites: 0/1 deployed
  Rent/R&R sites: 0/0 deployed
🎯 Quality pass: 1/1
🚀 ALL SITES Content Pipeline — 2026-07-21 17:02
Sites: 1 (1 content + 0 rent)

==================================================
📝 aiagencycalculator.com → AI chatbot development cost breakdown 2026...
  Researching...
  Generating...
  ✅ 2343w, 15 H2s, 📊 table, ❓ FAQ (7)
  ❌ blog.aiagencycalculator.com/ai-chatbot-development-cost-breakdown-2026 → ai-agency-pricing-calculator
     stderr: ler to work. Please go to https://developers.cloudflare.com/fundamentals/api/get-started/create-token/ for instructions on how to create an api token, and assign its value to CLOUDFLARE_API_TOKEN.[0m


🪵  Logs were written to "/Users/brentdubose/.wrangler/logs/wrangler-2026-07-21_21-03-39_554.log"


==================================================
✅ COMPLETE: 1 articles
  Content sites: 0/1 deployed
  Rent/R&R sites: 0/0 deployed
🎯 Quality pass: 1/1
🚀 ALL SITES Content Pipeline — 2026-07-21 17:03
Sites: 1 (1 content + 0 rent)

==================================================
📝 mybusinessaiaudit.com → AI opportunity assessment for retail businesses...
  Researching...
  Generating...
  ✅ 3080w, 15 H2s, 📊 table, ❓ FAQ (7)
  ❌ blog.mybusinessaiaudit.com/ai-opportunity-assessment-for-retail-businesses → mybusiness-ai-audit
     stderr: ler to work. Please go to https://developers.cloudflare.com/fundamentals/api/get-started/create-token/ for instructions on how to create an api token, and assign its value to CLOUDFLARE_API_TOKEN.[0m


🪵  Logs were written to "/Users/brentdubose/.wrangler/logs/wrangler-2026-07-21_21-04-48_771.log"


==================================================
✅ COMPLETE: 1 articles
  Content sites: 0/1 deployed
  Rent/R&R sites: 0/0 deployed
🎯 Quality pass: 1/1
🚀 ALL SITES Content Pipeline — 2026-07-21 17:04
Sites: 1 (1 content + 0 rent)

==================================================
📝 ozempicproviders.com → Medicare coverage Ozempic 2026 what changed...
  Researching...
  Generating...
  ✅ 2332w, 12 H2s, 📊 table, ❓ FAQ (7)
  ❌ blog.ozempicproviders.com/medicare-coverage-ozempic-2026-what-changed → ozempic-providers-2026
     stderr: ler to work. Please go to https://developers.cloudflare.com/fundamentals/api/get-started/create-token/ for instructions on how to create an api token, and assign its value to CLOUDFLARE_API_TOKEN.[0m


🪵  Logs were written to "/Users/brentdubose/.wrangler/logs/wrangler-2026-07-21_21-05-45_579.log"


==================================================
✅ COMPLETE: 1 articles
  Content sites: 0/1 deployed
  Rent/R&R sites: 0/0 deployed
🎯 Quality pass: 1/1
🚀 ALL SITES Content Pipeline — 2026-07-21 17:05
Sites: 1 (1 content + 0 rent)

==================================================
📝 tariffcalculator2026.com → de minimis rule changes 2026 impact on ecommerce...
  Researching...
  Generating...
  ✅ 2233w, 11 H2s, 📊 table, ❓ FAQ (6)
  ❌ blog.tariffcalculator2026.com/de-minimis-rule-changes-2026-impact-on-ecommerce → tariff-calculator-2026
     stderr: ler to work. Please go to https://developers.cloudflare.com/fundamentals/api/get-started/create-token/ for instructions on how to create an api token, and assign its value to CLOUDFLARE_API_TOKEN.[0m


🪵  Logs were written to "/Users/brentdubose/.wrangler/logs/wrangler-2026-07-21_21-06-44_788.log"


==================================================
✅ COMPLETE: 1 articles
  Content sites: 0/1 deployed
  Rent/R&R sites: 0/0 deployed
🎯 Quality pass: 1/1
🚀 ALL SITES Content Pipeline — 2026-07-21 17:06
Sites: 1 (0 content + 1 rent)

==================================================
🏠 hvacmaintenancepros.com → HVAC warranty what is covered and what is not...
  Researching...
  Generating...
  ✅ 2603w, 11 H2s, 📊 table, ❓ FAQ (7)
  ❌ hvacmaintenancepros.com/blog/hvac-warranty-what-is-covered-and-what-is-not/ → hvac-maintenance
     stderr: ler to work. Please go to https://developers.cloudflare.com/fundamentals/api/get-started/create-token/ for instructions on how to create an api token, and assign its value to CLOUDFLARE_API_TOKEN.[0m


🪵  Logs were written to "/Users/brentdubose/.wrangler/logs/wrangler-2026-07-21_21-07-50_758.log"


==================================================
✅ COMPLETE: 1 articles
  Content sites: 0/0 deployed
  Rent/R&R sites: 0/1 deployed
🎯 Quality pass: 1/1
🚀 ALL SITES Content Pipeline — 2026-07-21 17:07
Sites: 1 (0 content + 1 rent)

==================================================
🏠 sumpumpplumbers.com → how to test your sump pump properly...
  Researching...
  Generating...
  ✅ 2500w, 11 H2s, 📊 table, ❓ FAQ (7)
  ❌ sumpumpplumbers.com/blog/how-to-test-your-sump-pump-properly/ → sump-pump-plumbers
     stderr: ler to work. Please go to https://developers.cloudflare.com/fundamentals/api/get-started/create-token/ for instructions on how to create an api token, and assign its value to CLOUDFLARE_API_TOKEN.[0m


🪵  Logs were written to "/Users/brentdubose/.wrangler/logs/wrangler-2026-07-21_21-08-48_559.log"


==================================================
✅ COMPLETE: 1 articles
  Content sites: 0/0 deployed
  Rent/R&R sites: 0/1 deployed
🎯 Quality pass: 1/1
🚀 ALL SITES Content Pipeline — 2026-07-21 17:08
Sites: 1 (0 content + 1 rent)

==================================================
🏠 roofshinglepros.com → best roofing shingles for high wind areas...
  Researching...
  Generating...
  ⚠️ API error (attempt 1/4), retrying in 5s: Response ended prematurely
  ✅ 2939w, 10 H2s, 📊 table, ❓ FAQ (6)
  ❌ roofshinglepros.com/blog/best-roofing-shingles-for-high-wind-areas/ → roof-shingle
     stderr: ler to work. Please go to https://developers.cloudflare.com/fundamentals/api/get-started/create-token/ for instructions on how to create an api token, and assign its value to CLOUDFLARE_API_TOKEN.[0m


🪵  Logs were written to "/Users/brentdubose/.wrangler/logs/wrangler-2026-07-21_21-11-00_513.log"


==================================================
✅ COMPLETE: 1 articles
  Content sites: 0/0 deployed
  Rent/R&R sites: 0/1 deployed
🎯 Quality pass: 1/1
🚀 ALL SITES Content Pipeline — 2026-07-22 05:00
Sites: 1 (1 content + 0 rent)

==================================================
📝 findaiagency.com → AI customer service automation cost benefit analysis...
  Researching...
  Generating...
  ✅ 2304w, 13 H2s, 📊 table, ❓ FAQ (6)
  ❌ blog.findaiagency.com/ai-customer-service-automation-cost-benefit-analysis → findaiagency
     stderr: ler to work. Please go to https://developers.cloudflare.com/fundamentals/api/get-started/create-token/ for instructions on how to create an api token, and assign its value to CLOUDFLARE_API_TOKEN.[0m


🪵  Logs were written to "/Users/brentdubose/.wrangler/logs/wrangler-2026-07-22_09-01-25_444.log"


==================================================
✅ COMPLETE: 1 articles
  Content sites: 0/1 deployed
  Rent/R&R sites: 0/0 deployed
🎯 Quality pass: 1/1
🚀 ALL SITES Content Pipeline — 2026-07-22 05:01
Sites: 1 (1 content + 0 rent)

==================================================
📝 aiagencycalculator.com → enterprise AI integration pricing tiers...
  Researching...
  Generating...
  ✅ 2287w, 12 H2s, 📊 table, ❓ FAQ (6)
  ❌ blog.aiagencycalculator.com/enterprise-ai-integration-pricing-tiers → ai-agency-pricing-calculator
     stderr: ler to work. Please go to https://developers.cloudflare.com/fundamentals/api/get-started/create-token/ for instructions on how to create an api token, and assign its value to CLOUDFLARE_API_TOKEN.[0m


🪵  Logs were written to "/Users/brentdubose/.wrangler/logs/wrangler-2026-07-22_09-02-23_067.log"


==================================================
✅ COMPLETE: 1 articles
  Content sites: 0/1 deployed
  Rent/R&R sites: 0/0 deployed
🎯 Quality pass: 1/1
🚀 ALL SITES Content Pipeline — 2026-07-22 05:02
Sites: 1 (1 content + 0 rent)

==================================================
📝 mybusinessaiaudit.com → manufacturing AI automation audit guide...
  Researching...
  Generating...
  ✅ 3306w, 12 H2s, 📊 table, ❓ FAQ (7)
  ❌ blog.mybusinessaiaudit.com/manufacturing-ai-automation-audit-guide → mybusiness-ai-audit
     stderr: ler to work. Please go to https://developers.cloudflare.com/fundamentals/api/get-started/create-token/ for instructions on how to create an api token, and assign its value to CLOUDFLARE_API_TOKEN.[0m


🪵  Logs were written to "/Users/brentdubose/.wrangler/logs/wrangler-2026-07-22_09-03-34_906.log"


==================================================
✅ COMPLETE: 1 articles
  Content sites: 0/1 deployed
  Rent/R&R sites: 0/0 deployed
🎯 Quality pass: 1/1
🚀 ALL SITES Content Pipeline — 2026-07-22 05:03
Sites: 1 (1 content + 0 rent)

==================================================
📝 ozempicproviders.com → GLP-1 medications for weight loss without diabetes...
  Researching...
  Generating...
  ✅ 2600w, 13 H2s, 📊 table, ❓ FAQ (6)
  ❌ blog.ozempicproviders.com/glp-1-medications-for-weight-loss-without-diabetes → ozempic-providers-2026
     stderr: ler to work. Please go to https://developers.cloudflare.com/fundamentals/api/get-started/create-token/ for instructions on how to create an api token, and assign its value to CLOUDFLARE_API_TOKEN.[0m


🪵  Logs were written to "/Users/brentdubose/.wrangler/logs/wrangler-2026-07-22_09-04-32_304.log"


==================================================
✅ COMPLETE: 1 articles
  Content sites: 0/1 deployed
  Rent/R&R sites: 0/0 deployed
🎯 Quality pass: 1/1
🚀 ALL SITES Content Pipeline — 2026-07-22 05:04
Sites: 1 (1 content + 0 rent)

==================================================
📝 tariffcalculator2026.com → Section 301 tariffs on China latest updates 2026...
  Researching...
  Generating...
  ✅ 2742w, 12 H2s, 📊 table, ❓ FAQ (6)
  ❌ blog.tariffcalculator2026.com/section-301-tariffs-on-china-latest-updates-2026 → tariff-calculator-2026
     stderr: ler to work. Please go to https://developers.cloudflare.com/fundamentals/api/get-started/create-token/ for instructions on how to create an api token, and assign its value to CLOUDFLARE_API_TOKEN.[0m


🪵  Logs were written to "/Users/brentdubose/.wrangler/logs/wrangler-2026-07-22_09-05-31_756.log"


==================================================
✅ COMPLETE: 1 articles
  Content sites: 0/1 deployed
  Rent/R&R sites: 0/0 deployed
🎯 Quality pass: 1/1
🚀 ALL SITES Content Pipeline — 2026-07-22 05:05
Sites: 1 (0 content + 1 rent)

==================================================
🏠 hvacmaintenancepros.com → energy efficient HVAC upgrades tax credits 2026...
  Researching...
  Generating...
  ✅ 3260w, 16 H2s, 📊 table, ❓ FAQ (7)
  ❌ hvacmaintenancepros.com/blog/energy-efficient-hvac-upgrades-tax-credits-2026/ → hvac-maintenance
     stderr: ler to work. Please go to https://developers.cloudflare.com/fundamentals/api/get-started/create-token/ for instructions on how to create an api token, and assign its value to CLOUDFLARE_API_TOKEN.[0m


🪵  Logs were written to "/Users/brentdubose/.wrangler/logs/wrangler-2026-07-22_09-06-37_427.log"


==================================================
✅ COMPLETE: 1 articles
  Content sites: 0/0 deployed
  Rent/R&R sites: 0/1 deployed
🎯 Quality pass: 1/1
🚀 ALL SITES Content Pipeline — 2026-07-22 05:06
Sites: 1 (0 content + 1 rent)

==================================================
🏠 sumpumpplumbers.com → sewer backup prevention systems...
  Researching...
  Generating...
  ✅ 2501w, 11 H2s, 📊 table, ❓ FAQ (7)
  ❌ sumpumpplumbers.com/blog/sewer-backup-prevention-systems/ → sump-pump-plumbers
     stderr: ler to work. Please go to https://developers.cloudflare.com/fundamentals/api/get-started/create-token/ for instructions on how to create an api token, and assign its value to CLOUDFLARE_API_TOKEN.[0m


🪵  Logs were written to "/Users/brentdubose/.wrangler/logs/wrangler-2026-07-22_09-07-36_427.log"


==================================================
✅ COMPLETE: 1 articles
  Content sites: 0/0 deployed
  Rent/R&R sites: 0/1 deployed
🎯 Quality pass: 1/1
🚀 ALL SITES Content Pipeline — 2026-07-22 05:07
Sites: 1 (0 content + 1 rent)

==================================================
🏠 roofshinglepros.com → roof insurance claim process explained...
  Researching...
  Generating...
  ✅ 2473w, 13 H2s, 📊 table, ❓ FAQ (6)
  ❌ roofshinglepros.com/blog/roof-insurance-claim-process-explained/ → roof-shingle
     stderr: ler to work. Please go to https://developers.cloudflare.com/fundamentals/api/get-started/create-token/ for instructions on how to create an api token, and assign its value to CLOUDFLARE_API_TOKEN.[0m


🪵  Logs were written to "/Users/brentdubose/.wrangler/logs/wrangler-2026-07-22_09-08-30_438.log"


==================================================
✅ COMPLETE: 1 articles
  Content sites: 0/0 deployed
  Rent/R&R sites: 0/1 deployed
🎯 Quality pass: 1/1
🚀 ALL SITES Content Pipeline — 2026-07-22 05:08
Sites: 1 (0 content + 1 rent)

==================================================
🏠 fencingcontractorspros.com → garden fencing ideas for pets...
  Researching...
  Generating...
  ✅ 2911w, 11 H2s, 📊 table, ❓ FAQ (6)
  ❌ fencingcontractorspros.com/blog/garden-fencing-ideas-for-pets/ → fencing-contractors
     stderr: ler to work. Please go to https://developers.cloudflare.com/fundamentals/api/get-started/create-token/ for instructions on how to create an api token, and assign its value to CLOUDFLARE_API_TOKEN.[0m


🪵  Logs were written to "/Users/brentdubose/.wrangler/logs/wrangler-2026-07-22_09-09-33_579.log"


==================================================
✅ COMPLETE: 1 articles
  Content sites: 0/0 deployed
  Rent/R&R sites: 0/1 deployed
🎯 Quality pass: 1/1
🚀 ALL SITES Content Pipeline — 2026-07-22 05:09
Sites: 1 (0 content + 1 rent)

==================================================
🏠 smartlightingpros.com → landscape lighting design ideas...
  Researching...
  Generating...
  ✅ 2304w, 10 H2s, 📊 table, ❓ FAQ (7)
  ❌ smartlightingpros.com/blog/landscape-lighting-design-ideas/ → smart-lighting
     stderr: ler to work. Please go to https://developers.cloudflare.com/fundamentals/api/get-started/create-token/ for instructions on how to create an api token, and assign its value to CLOUDFLARE_API_TOKEN.[0m


🪵  Logs were written to "/Users/brentdubose/.wrangler/logs/wrangler-2026-07-22_09-10-25_889.log"


==================================================
✅ COMPLETE: 1 articles
  Content sites: 0/0 deployed
  Rent/R&R sites: 0/1 deployed
🎯 Quality pass: 1/1
🚀 ALL SITES Content Pipeline — 2026-07-22 05:10
Sites: 1 (0 content + 1 rent)

==================================================
🏠 autobodyrepairpros.com → clear coat repair and restoration guide...
  Researching...
  Generating...
  ✅ 3107w, 9 H2s, 📊 table, ❓ FAQ (7)
  ❌ autobodyrepairpros.com/blog/clear-coat-repair-and-restoration-guide/ → auto-body-repair
     stderr: ler to work. Please go to https://developers.cloudflare.com/fundamentals/api/get-started/create-token/ for instructions on how to create an api token, and assign its value to CLOUDFLARE_API_TOKEN.[0m


🪵  Logs were written to "/Users/brentdubose/.wrangler/logs/wrangler-2026-07-22_09-11-33_292.log"


==================================================
✅ COMPLETE: 1 articles
  Content sites: 0/0 deployed
  Rent/R&R sites: 0/1 deployed
🎯 Quality pass: 1/1
🚀 ALL SITES Content Pipeline — 2026-07-22 17:00
Sites: 1 (1 content + 0 rent)

==================================================
📝 findaiagency.com → AI customer service automation cost benefit analysis...
  Researching...
  Generating...
  ✅ 2744w, 12 H2s, 📊 table, ❓ FAQ (6)
  ❌ blog.findaiagency.com/ai-customer-service-automation-cost-benefit-analysis → findaiagency
     stderr: ler to work. Please go to https://developers.cloudflare.com/fundamentals/api/get-started/create-token/ for instructions on how to create an api token, and assign its value to CLOUDFLARE_API_TOKEN.[0m


🪵  Logs were written to "/Users/brentdubose/.wrangler/logs/wrangler-2026-07-22_21-01-24_600.log"


==================================================
✅ COMPLETE: 1 articles
  Content sites: 0/1 deployed
  Rent/R&R sites: 0/0 deployed
🎯 Quality pass: 1/1
🚀 ALL SITES Content Pipeline — 2026-07-22 17:01
Sites: 1 (1 content + 0 rent)

==================================================
📝 aiagencycalculator.com → enterprise AI integration pricing tiers...
  Researching...
  Generating...
  ✅ 3002w, 11 H2s, 📊 table, ❓ FAQ (6)
  ❌ blog.aiagencycalculator.com/enterprise-ai-integration-pricing-tiers → ai-agency-pricing-calculator
     stderr: ler to work. Please go to https://developers.cloudflare.com/fundamentals/api/get-started/create-token/ for instructions on how to create an api token, and assign its value to CLOUDFLARE_API_TOKEN.[0m


🪵  Logs were written to "/Users/brentdubose/.wrangler/logs/wrangler-2026-07-22_21-02-45_778.log"


==================================================
✅ COMPLETE: 1 articles
  Content sites: 0/1 deployed
  Rent/R&R sites: 0/0 deployed
🎯 Quality pass: 1/1
🚀 ALL SITES Content Pipeline — 2026-07-22 17:02
Sites: 1 (1 content + 0 rent)

==================================================
📝 mybusinessaiaudit.com → manufacturing AI automation audit guide...
  Researching...
  Generating...
  ⚠️ API error (attempt 1/4), retrying in 5s: Response ended prematurely
  ✅ 2524w, 8 H2s, 📊 table, ❓ FAQ (6)
  ❌ blog.mybusinessaiaudit.com/manufacturing-ai-automation-audit-guide → mybusiness-ai-audit
     stderr: ler to work. Please go to https://developers.cloudflare.com/fundamentals/api/get-started/create-token/ for instructions on how to create an api token, and assign its value to CLOUDFLARE_API_TOKEN.[0m


🪵  Logs were written to "/Users/brentdubose/.wrangler/logs/wrangler-2026-07-22_21-04-49_808.log"


==================================================
✅ COMPLETE: 1 articles
  Content sites: 0/1 deployed
  Rent/R&R sites: 0/0 deployed
🎯 Quality pass: 1/1
🚀 ALL SITES Content Pipeline — 2026-07-22 17:04
Sites: 1 (1 content + 0 rent)

==================================================
📝 ozempicproviders.com → GLP-1 medications for weight loss without diabetes...
  Researching...
  Generating...
  ✅ 2590w, 12 H2s, 📊 table, ❓ FAQ (6)
  ❌ blog.ozempicproviders.com/glp-1-medications-for-weight-loss-without-diabetes → ozempic-providers-2026
     stderr: ler to work. Please go to https://developers.cloudflare.com/fundamentals/api/get-started/create-token/ for instructions on how to create an api token, and assign its value to CLOUDFLARE_API_TOKEN.[0m


🪵  Logs were written to "/Users/brentdubose/.wrangler/logs/wrangler-2026-07-22_21-05-45_023.log"


==================================================
✅ COMPLETE: 1 articles
  Content sites: 0/1 deployed
  Rent/R&R sites: 0/0 deployed
🎯 Quality pass: 1/1
🚀 ALL SITES Content Pipeline — 2026-07-22 17:05
Sites: 1 (1 content + 0 rent)

==================================================
📝 tariffcalculator2026.com → Section 301 tariffs on China latest updates 2026...
  Researching...
  Generating...
  ✅ 2600w, 12 H2s, 📊 table, ❓ FAQ (6)
  ❌ blog.tariffcalculator2026.com/section-301-tariffs-on-china-latest-updates-2026 → tariff-calculator-2026
     stderr: ler to work. Please go to https://developers.cloudflare.com/fundamentals/api/get-started/create-token/ for instructions on how to create an api token, and assign its value to CLOUDFLARE_API_TOKEN.[0m


🪵  Logs were written to "/Users/brentdubose/.wrangler/logs/wrangler-2026-07-22_21-06-49_708.log"


==================================================
✅ COMPLETE: 1 articles
  Content sites: 0/1 deployed
  Rent/R&R sites: 0/0 deployed
🎯 Quality pass: 1/1
🚀 ALL SITES Content Pipeline — 2026-07-22 17:06
Sites: 1 (0 content + 1 rent)

==================================================
🏠 hvacmaintenancepros.com → energy efficient HVAC upgrades tax credits 2026...
  Researching...
  Generating...
  ✅ 2396w, 13 H2s, 📊 table, ❓ FAQ (6)
  ❌ hvacmaintenancepros.com/blog/energy-efficient-hvac-upgrades-tax-credits-2026/ → hvac-maintenance
     stderr: ler to work. Please go to https://developers.cloudflare.com/fundamentals/api/get-started/create-token/ for instructions on how to create an api token, and assign its value to CLOUDFLARE_API_TOKEN.[0m


🪵  Logs were written to "/Users/brentdubose/.wrangler/logs/wrangler-2026-07-22_21-08-12_766.log"


==================================================
✅ COMPLETE: 1 articles
  Content sites: 0/0 deployed
  Rent/R&R sites: 0/1 deployed
🎯 Quality pass: 1/1
🚀 ALL SITES Content Pipeline — 2026-07-22 17:08
Sites: 1 (0 content + 1 rent)

==================================================
🏠 sumpumpplumbers.com → sewer backup prevention systems...
  Researching...
  Generating...
  ⚠️ API error (attempt 1/4), retrying in 5s: Response ended prematurely
  ✅ 2312w, 11 H2s, 📊 table, ❓ FAQ (6)
  ❌ sumpumpplumbers.com/blog/sewer-backup-prevention-systems/ → sump-pump-plumbers
     stderr: ler to work. Please go to https://developers.cloudflare.com/fundamentals/api/get-started/create-token/ for instructions on how to create an api token, and assign its value to CLOUDFLARE_API_TOKEN.[0m


🪵  Logs were written to "/Users/brentdubose/.wrangler/logs/wrangler-2026-07-22_21-10-10_617.log"


==================================================
✅ COMPLETE: 1 articles
  Content sites: 0/0 deployed
  Rent/R&R sites: 0/1 deployed
🎯 Quality pass: 1/1
🚀 ALL SITES Content Pipeline — 2026-07-23 05:00
Sites: 1 (1 content + 0 rent)

==================================================
📝 findaiagency.com → small business AI tools that actually save money...
  Researching...
  Generating...
  ✅ 2922w, 11 H2s, 📊 table, ❓ FAQ (6)
  ❌ blog.findaiagency.com/small-business-ai-tools-that-actually-save-money → findaiagency
     stderr: ler to work. Please go to https://developers.cloudflare.com/fundamentals/api/get-started/create-token/ for instructions on how to create an api token, and assign its value to CLOUDFLARE_API_TOKEN.[0m


🪵  Logs were written to "/Users/brentdubose/.wrangler/logs/wrangler-2026-07-23_09-02-18_434.log"


==================================================
✅ COMPLETE: 1 articles
  Content sites: 0/1 deployed
  Rent/R&R sites: 0/0 deployed
🎯 Quality pass: 1/1
🚀 ALL SITES Content Pipeline — 2026-07-23 05:02
Sites: 1 (1 content + 0 rent)

==================================================
📝 aiagencycalculator.com → freelance AI developer vs agency pricing comparison...
  Researching...
  Generating...
  ✅ 2248w, 10 H2s, 📊 table, ❓ FAQ (6)
  ❌ blog.aiagencycalculator.com/freelance-ai-developer-vs-agency-pricing-comparison → ai-agency-pricing-calculator
     stderr: ler to work. Please go to https://developers.cloudflare.com/fundamentals/api/get-started/create-token/ for instructions on how to create an api token, and assign its value to CLOUDFLARE_API_TOKEN.[0m


🪵  Logs were written to "/Users/brentdubose/.wrangler/logs/wrangler-2026-07-23_09-03-26_130.log"


==================================================
✅ COMPLETE: 1 articles
  Content sites: 0/1 deployed
  Rent/R&R sites: 0/0 deployed
🎯 Quality pass: 1/1
🚀 ALL SITES Content Pipeline — 2026-07-23 05:03
Sites: 1 (1 content + 0 rent)

==================================================
📝 mybusinessaiaudit.com → service business AI readiness scoring system...
  Researching...
  Generating...
  ✅ 3100w, 14 H2s, 📊 table, ❓ FAQ (7)
  ❌ blog.mybusinessaiaudit.com/service-business-ai-readiness-scoring-system → mybusiness-ai-audit
     stderr: ler to work. Please go to https://developers.cloudflare.com/fundamentals/api/get-started/create-token/ for instructions on how to create an api token, and assign its value to CLOUDFLARE_API_TOKEN.[0m


🪵  Logs were written to "/Users/brentdubose/.wrangler/logs/wrangler-2026-07-23_09-04-53_031.log"


==================================================
✅ COMPLETE: 1 articles
  Content sites: 0/1 deployed
  Rent/R&R sites: 0/0 deployed
🎯 Quality pass: 1/1
🚀 ALL SITES Content Pipeline — 2026-07-23 05:04
Sites: 1 (1 content + 0 rent)

==================================================
📝 ozempicproviders.com → semaglutide dosage titration guide for beginners...
  Researching...
  Generating...
  ✅ 2514w, 9 H2s, 📊 table, ❓ FAQ (6)
  ❌ blog.ozempicproviders.com/semaglutide-dosage-titration-guide-for-beginners → ozempic-providers-2026
     stderr: ler to work. Please go to https://developers.cloudflare.com/fundamentals/api/get-started/create-token/ for instructions on how to create an api token, and assign its value to CLOUDFLARE_API_TOKEN.[0m


🪵  Logs were written to "/Users/brentdubose/.wrangler/logs/wrangler-2026-07-23_09-05-52_705.log"


==================================================
✅ COMPLETE: 1 articles
  Content sites: 0/1 deployed
  Rent/R&R sites: 0/0 deployed
🎯 Quality pass: 1/1
🚀 ALL SITES Content Pipeline — 2026-07-23 05:05
Sites: 1 (1 content + 0 rent)

==================================================
📝 tariffcalculator2026.com → tariffs on electronics imports from Asia 2026...
  Researching...
  Generating...
  ✅ 2771w, 12 H2s, 📊 table, ❓ FAQ (7)
  ❌ blog.tariffcalculator2026.com/tariffs-on-electronics-imports-from-asia-2026 → tariff-calculator-2026
     stderr: ler to work. Please go to https://developers.cloudflare.com/fundamentals/api/get-started/create-token/ for instructions on how to create an api token, and assign its value to CLOUDFLARE_API_TOKEN.[0m


🪵  Logs were written to "/Users/brentdubose/.wrangler/logs/wrangler-2026-07-23_09-07-11_451.log"


==================================================
✅ COMPLETE: 1 articles
  Content sites: 0/1 deployed
  Rent/R&R sites: 0/0 deployed
🎯 Quality pass: 1/1
🚀 ALL SITES Content Pipeline — 2026-07-23 05:07
Sites: 1 (0 content + 1 rent)

==================================================
🏠 hvacmaintenancepros.com → indoor air quality solutions for homes...
  Researching...
  Generating...
  ✅ 2308w, 9 H2s, 📊 table, ❓ FAQ (6)
  ❌ hvacmaintenancepros.com/blog/indoor-air-quality-solutions-for-homes/ → hvac-maintenance
     stderr: ler to work. Please go to https://developers.cloudflare.com/fundamentals/api/get-started/create-token/ for instructions on how to create an api token, and assign its value to CLOUDFLARE_API_TOKEN.[0m


🪵  Logs were written to "/Users/brentdubose/.wrangler/logs/wrangler-2026-07-23_09-08-18_093.log"


==================================================
✅ COMPLETE: 1 articles
  Content sites: 0/0 deployed
  Rent/R&R sites: 0/1 deployed
🎯 Quality pass: 1/1
🚀 ALL SITES Content Pipeline — 2026-07-23 05:08
Sites: 1 (0 content + 1 rent)

==================================================
🏠 sumpumpplumbers.com → basement flooding emergency steps...
  Researching...
  Generating...
  ✅ 3379w, 9 H2s, 📊 table, ❓ FAQ (7)
  ❌ sumpumpplumbers.com/blog/basement-flooding-emergency-steps/ → sump-pump-plumbers
     stderr: ler to work. Please go to https://developers.cloudflare.com/fundamentals/api/get-started/create-token/ for instructions on how to create an api token, and assign its value to CLOUDFLARE_API_TOKEN.[0m


🪵  Logs were written to "/Users/brentdubose/.wrangler/logs/wrangler-2026-07-23_09-09-48_665.log"


==================================================
✅ COMPLETE: 1 articles
  Content sites: 0/0 deployed
  Rent/R&R sites: 0/1 deployed
🎯 Quality pass: 1/1
🚀 ALL SITES Content Pipeline — 2026-07-23 05:09
Sites: 1 (0 content + 1 rent)

==================================================
🏠 roofshinglepros.com → how to spot hail damage on shingles...
  Researching...
  Generating...
  ✅ 2750w, 10 H2s, 📊 table, ❓ FAQ (6)
  ❌ roofshinglepros.com/blog/how-to-spot-hail-damage-on-shingles/ → roof-shingle
     stderr: ler to work. Please go to https://developers.cloudflare.com/fundamentals/api/get-started/create-token/ for instructions on how to create an api token, and assign its value to CLOUDFLARE_API_TOKEN.[0m


🪵  Logs were written to "/Users/brentdubose/.wrangler/logs/wrangler-2026-07-23_09-10-59_272.log"


==================================================
✅ COMPLETE: 1 articles
  Content sites: 0/0 deployed
  Rent/R&R sites: 0/1 deployed
🎯 Quality pass: 1/1
🚀 ALL SITES Content Pipeline — 2026-07-23 17:00
Sites: 1 (1 content + 0 rent)

==================================================
📝 findaiagency.com → small business AI tools that actually save money...
  Researching...
  Generating...
  ✅ 2826w, 11 H2s, 📊 table, ❓ FAQ (6)
  ❌ blog.findaiagency.com/small-business-ai-tools-that-actually-save-money → findaiagency
     stderr: ler to work. Please go to https://developers.cloudflare.com/fundamentals/api/get-started/create-token/ for instructions on how to create an api token, and assign its value to CLOUDFLARE_API_TOKEN.[0m


🪵  Logs were written to "/Users/brentdubose/.wrangler/logs/wrangler-2026-07-23_21-01-48_874.log"


==================================================
✅ COMPLETE: 1 articles
  Content sites: 0/1 deployed
  Rent/R&R sites: 0/0 deployed
🎯 Quality pass: 1/1
🚀 ALL SITES Content Pipeline — 2026-07-23 17:01
Sites: 1 (1 content + 0 rent)

==================================================
📝 aiagencycalculator.com → freelance AI developer vs agency pricing comparison...
  Researching...
  Generating...
  ✅ 2677w, 9 H2s, 📊 table, ❓ FAQ (6)
  ❌ blog.aiagencycalculator.com/freelance-ai-developer-vs-agency-pricing-comparison → ai-agency-pricing-calculator
     stderr: ler to work. Please go to https://developers.cloudflare.com/fundamentals/api/get-started/create-token/ for instructions on how to create an api token, and assign its value to CLOUDFLARE_API_TOKEN.[0m


🪵  Logs were written to "/Users/brentdubose/.wrangler/logs/wrangler-2026-07-23_21-03-13_025.log"


==================================================
✅ COMPLETE: 1 articles
  Content sites: 0/1 deployed
  Rent/R&R sites: 0/0 deployed
🎯 Quality pass: 1/1
🚀 ALL SITES Content Pipeline — 2026-07-23 17:03
Sites: 1 (1 content + 0 rent)

==================================================
📝 mybusinessaiaudit.com → service business AI readiness scoring system...
  Researching...
  Generating...
  ✅ 2954w, 11 H2s, 📊 table, ❓ FAQ (6)
  ❌ blog.mybusinessaiaudit.com/service-business-ai-readiness-scoring-system → mybusiness-ai-audit
     stderr: ler to work. Please go to https://developers.cloudflare.com/fundamentals/api/get-started/create-token/ for instructions on how to create an api token, and assign its value to CLOUDFLARE_API_TOKEN.[0m


🪵  Logs were written to "/Users/brentdubose/.wrangler/logs/wrangler-2026-07-23_21-04-35_317.log"


==================================================
✅ COMPLETE: 1 articles
  Content sites: 0/1 deployed
  Rent/R&R sites: 0/0 deployed
🎯 Quality pass: 1/1
🚀 ALL SITES Content Pipeline — 2026-07-23 17:04
Sites: 1 (1 content + 0 rent)

==================================================
📝 ozempicproviders.com → semaglutide dosage titration guide for beginners...
  Researching...
  Generating...
  ✅ 2438w, 11 H2s, 📊 table, ❓ FAQ (6)
  ❌ blog.ozempicproviders.com/semaglutide-dosage-titration-guide-for-beginners → ozempic-providers-2026
     stderr: ler to work. Please go to https://developers.cloudflare.com/fundamentals/api/get-started/create-token/ for instructions on how to create an api token, and assign its value to CLOUDFLARE_API_TOKEN.[0m


🪵  Logs were written to "/Users/brentdubose/.wrangler/logs/wrangler-2026-07-23_21-05-42_863.log"


==================================================
✅ COMPLETE: 1 articles
  Content sites: 0/1 deployed
  Rent/R&R sites: 0/0 deployed
🎯 Quality pass: 1/1
🚀 ALL SITES Content Pipeline — 2026-07-23 17:05
Sites: 1 (1 content + 0 rent)

==================================================
📝 tariffcalculator2026.com → tariffs on electronics imports from Asia 2026...
  Researching...
  Generating...
  ✅ 2785w, 9 H2s, 📊 table, ❓ FAQ (6)
  ❌ blog.tariffcalculator2026.com/tariffs-on-electronics-imports-from-asia-2026 → tariff-calculator-2026
     stderr: ler to work. Please go to https://developers.cloudflare.com/fundamentals/api/get-started/create-token/ for instructions on how to create an api token, and assign its value to CLOUDFLARE_API_TOKEN.[0m


🪵  Logs were written to "/Users/brentdubose/.wrangler/logs/wrangler-2026-07-23_21-07-00_123.log"


==================================================
✅ COMPLETE: 1 articles
  Content sites: 0/1 deployed
  Rent/R&R sites: 0/0 deployed
🎯 Quality pass: 1/1
🚀 ALL SITES Content Pipeline — 2026-07-23 17:07
Sites: 1 (0 content + 1 rent)

==================================================
🏠 hvacmaintenancepros.com → indoor air quality solutions for homes...
  Researching...
  Generating...
  ✅ 2617w, 10 H2s, 📊 table, ❓ FAQ (6)
  ❌ hvacmaintenancepros.com/blog/indoor-air-quality-solutions-for-homes/ → hvac-maintenance
     stderr: ler to work. Please go to https://developers.cloudflare.com/fundamentals/api/get-started/create-token/ for instructions on how to create an api token, and assign its value to CLOUDFLARE_API_TOKEN.[0m


🪵  Logs were written to "/Users/brentdubose/.wrangler/logs/wrangler-2026-07-23_21-08-15_493.log"


==================================================
✅ COMPLETE: 1 articles
  Content sites: 0/0 deployed
  Rent/R&R sites: 0/1 deployed
🎯 Quality pass: 1/1
🚀 ALL SITES Content Pipeline — 2026-07-23 17:08
Sites: 1 (0 content + 1 rent)

==================================================
🏠 sumpumpplumbers.com → basement flooding emergency steps...
  Researching...
  Generating...
  ✅ 2643w, 11 H2s, 📊 table, ❓ FAQ (7)
  ❌ sumpumpplumbers.com/blog/basement-flooding-emergency-steps/ → sump-pump-plumbers
     stderr: ler to work. Please go to https://developers.cloudflare.com/fundamentals/api/get-started/create-token/ for instructions on how to create an api token, and assign its value to CLOUDFLARE_API_TOKEN.[0m


🪵  Logs were written to "/Users/brentdubose/.wrangler/logs/wrangler-2026-07-23_21-09-34_106.log"


==================================================
✅ COMPLETE: 1 articles
  Content sites: 0/0 deployed
  Rent/R&R sites: 0/1 deployed
🎯 Quality pass: 1/1
🚀 ALL SITES Content Pipeline — 2026-07-23 17:09
Sites: 1 (0 content + 1 rent)

==================================================
🏠 roofshinglepros.com → how to spot hail damage on shingles...
  Researching...
  Generating...
  ✅ 3056w, 12 H2s, 📊 table, ❓ FAQ (6)
  ❌ roofshinglepros.com/blog/how-to-spot-hail-damage-on-shingles/ → roof-shingle
     stderr: ler to work. Please go to https://developers.cloudflare.com/fundamentals/api/get-started/create-token/ for instructions on how to create an api token, and assign its value to CLOUDFLARE_API_TOKEN.[0m


🪵  Logs were written to "/Users/brentdubose/.wrangler/logs/wrangler-2026-07-23_21-10-55_685.log"


==================================================
✅ COMPLETE: 1 articles
  Content sites: 0/0 deployed
  Rent/R&R sites: 0/1 deployed
🎯 Quality pass: 1/1
🚀 ALL SITES Content Pipeline — 2026-07-24 05:00
Sites: 1 (1 content + 0 rent)

==================================================
📝 findaiagency.com → AI workflow automation implementation guide...
  Researching...
  Generating...
  ✅ 2430w, 11 H2s, 📊 table, ❓ FAQ (6)
  ❌ blog.findaiagency.com/ai-workflow-automation-implementation-guide → findaiagency
     stderr: ler to work. Please go to https://developers.cloudflare.com/fundamentals/api/get-started/create-token/ for instructions on how to create an api token, and assign its value to CLOUDFLARE_API_TOKEN.[0m


🪵  Logs were written to "/Users/brentdubose/.wrangler/logs/wrangler-2026-07-24_09-00-57_708.log"


==================================================
✅ COMPLETE: 1 articles
  Content sites: 0/1 deployed
  Rent/R&R sites: 0/0 deployed
🎯 Quality pass: 1/1
🚀 ALL SITES Content Pipeline — 2026-07-24 05:01
Sites: 1 (1 content + 0 rent)

==================================================
📝 aiagencycalculator.com → AI maintenance and support costs annual projection...
  Researching...
  Generating...
  ✅ 2425w, 12 H2s, 📊 table, ❓ FAQ (6)
  ❌ blog.aiagencycalculator.com/ai-maintenance-and-support-costs-annual-projection → ai-agency-pricing-calculator
     stderr: ler to work. Please go to https://developers.cloudflare.com/fundamentals/api/get-started/create-token/ for instructions on how to create an api token, and assign its value to CLOUDFLARE_API_TOKEN.[0m


🪵  Logs were written to "/Users/brentdubose/.wrangler/logs/wrangler-2026-07-24_09-01-53_871.log"


==================================================
✅ COMPLETE: 1 articles
  Content sites: 0/1 deployed
  Rent/R&R sites: 0/0 deployed
🎯 Quality pass: 1/1
🚀 ALL SITES Content Pipeline — 2026-07-24 05:01
Sites: 1 (1 content + 0 rent)

==================================================
📝 mybusinessaiaudit.com → AI data readiness what to check before starting...
  Researching...
  Generating...
  ✅ 2143w, 14 H2s, 📊 table, ❓ FAQ (7)
  ❌ blog.mybusinessaiaudit.com/ai-data-readiness-what-to-check-before-starting → mybusiness-ai-audit
     stderr: ler to work. Please go to https://developers.cloudflare.com/fundamentals/api/get-started/create-token/ for instructions on how to create an api token, and assign its value to CLOUDFLARE_API_TOKEN.[0m


🪵  Logs were written to "/Users/brentdubose/.wrangler/logs/wrangler-2026-07-24_09-02-44_682.log"


==================================================
✅ COMPLETE: 1 articles
  Content sites: 0/1 deployed
  Rent/R&R sites: 0/0 deployed
🎯 Quality pass: 1/1
🚀 ALL SITES Content Pipeline — 2026-07-24 05:02
Sites: 1 (1 content + 0 rent)

==================================================
📝 ozempicproviders.com → Ozempic shortage 2026 supply update and alternatives...
  Researching...
  Generating...
  ✅ 2889w, 10 H2s, 📊 table, ❓ FAQ (6)
  ❌ blog.ozempicproviders.com/ozempic-shortage-2026-supply-update-and-alternatives → ozempic-providers-2026
     stderr: ler to work. Please go to https://developers.cloudflare.com/fundamentals/api/get-started/create-token/ for instructions on how to create an api token, and assign its value to CLOUDFLARE_API_TOKEN.[0m


🪵  Logs were written to "/Users/brentdubose/.wrangler/logs/wrangler-2026-07-24_09-03-47_300.log"


==================================================
✅ COMPLETE: 1 articles
  Content sites: 0/1 deployed
  Rent/R&R sites: 0/0 deployed
🎯 Quality pass: 1/1
🚀 ALL SITES Content Pipeline — 2026-07-24 05:03
Sites: 1 (1 content + 0 rent)

==================================================
📝 tariffcalculator2026.com → how to apply for tariff exclusion or drawback...
  Researching...
  Generating...
  ✅ 2454w, 9 H2s, 📊 table, ❓ FAQ (6)
  ❌ blog.tariffcalculator2026.com/how-to-apply-for-tariff-exclusion-or-drawback → tariff-calculator-2026
     stderr: ler to work. Please go to https://developers.cloudflare.com/fundamentals/api/get-started/create-token/ for instructions on how to create an api token, and assign its value to CLOUDFLARE_API_TOKEN.[0m


🪵  Logs were written to "/Users/brentdubose/.wrangler/logs/wrangler-2026-07-24_09-04-35_857.log"


==================================================
✅ COMPLETE: 1 articles
  Content sites: 0/1 deployed
  Rent/R&R sites: 0/0 deployed
🎯 Quality pass: 1/1
🚀 ALL SITES Content Pipeline — 2026-07-24 05:04
Sites: 1 (0 content + 1 rent)

==================================================
🏠 hvacmaintenancepros.com → preventing HVAC breakdowns seasonal checklist...
  Researching...
  Generating...
  ✅ 2737w, 12 H2s, 📊 table, ❓ FAQ (6)
  ❌ hvacmaintenancepros.com/blog/preventing-hvac-breakdowns-seasonal-checklist/ → hvac-maintenance
     stderr: ler to work. Please go to https://developers.cloudflare.com/fundamentals/api/get-started/create-token/ for instructions on how to create an api token, and assign its value to CLOUDFLARE_API_TOKEN.[0m


🪵  Logs were written to "/Users/brentdubose/.wrangler/logs/wrangler-2026-07-24_09-05-38_201.log"


==================================================
✅ COMPLETE: 1 articles
  Content sites: 0/0 deployed
  Rent/R&R sites: 0/1 deployed
🎯 Quality pass: 1/1
🚀 ALL SITES Content Pipeline — 2026-07-24 05:05
Sites: 1 (0 content + 1 rent)

==================================================
🏠 sumpumpplumbers.com → sump pump installation code requirements...
  Researching...
  Generating...
  ✅ 3373w, 13 H2s, 📊 table, ❓ FAQ (6)
  ❌ sumpumpplumbers.com/blog/sump-pump-installation-code-requirements/ → sump-pump-plumbers
     stderr: ler to work. Please go to https://developers.cloudflare.com/fundamentals/api/get-started/create-token/ for instructions on how to create an api token, and assign its value to CLOUDFLARE_API_TOKEN.[0m


🪵  Logs were written to "/Users/brentdubose/.wrangler/logs/wrangler-2026-07-24_09-06-43_668.log"


==================================================
✅ COMPLETE: 1 articles
  Content sites: 0/0 deployed
  Rent/R&R sites: 0/1 deployed
🎯 Quality pass: 1/1
🚀 ALL SITES Content Pipeline — 2026-07-24 05:06
Sites: 1 (0 content + 1 rent)

==================================================
🏠 roofshinglepros.com → roof maintenance checklist for homeowners...
  Researching...
  Generating...
  ✅ 2304w, 13 H2s, 📊 table, ❓ FAQ (6)
  ❌ roofshinglepros.com/blog/roof-maintenance-checklist-for-homeowners/ → roof-shingle
     stderr: ler to work. Please go to https://developers.cloudflare.com/fundamentals/api/get-started/create-token/ for instructions on how to create an api token, and assign its value to CLOUDFLARE_API_TOKEN.[0m


🪵  Logs were written to "/Users/brentdubose/.wrangler/logs/wrangler-2026-07-24_09-07-36_491.log"


==================================================
✅ COMPLETE: 1 articles
  Content sites: 0/0 deployed
  Rent/R&R sites: 0/1 deployed
🎯 Quality pass: 1/1
🚀 ALL SITES Content Pipeline — 2026-07-24 05:07
Sites: 1 (0 content + 1 rent)

==================================================
🏠 fencingcontractorspros.com → fence repair vs replacement when to replace...
  Researching...
  Generating...
  ✅ 2733w, 11 H2s, 📊 table, ❓ FAQ (6)
  ❌ fencingcontractorspros.com/blog/fence-repair-vs-replacement-when-to-replace/ → fencing-contractors
     stderr: ler to work. Please go to https://developers.cloudflare.com/fundamentals/api/get-started/create-token/ for instructions on how to create an api token, and assign its value to CLOUDFLARE_API_TOKEN.[0m


🪵  Logs were written to "/Users/brentdubose/.wrangler/logs/wrangler-2026-07-24_09-08-37_652.log"


==================================================
✅ COMPLETE: 1 articles
  Content sites: 0/0 deployed
  Rent/R&R sites: 0/1 deployed
🎯 Quality pass: 1/1
🚀 ALL SITES Content Pipeline — 2026-07-24 05:08
Sites: 1 (0 content + 1 rent)

==================================================
🏠 smartlightingpros.com → holiday smart lighting automation...
  Researching...
  Generating...
  ✅ 2739w, 9 H2s, 📊 table, ❓ FAQ (7)
  ❌ smartlightingpros.com/blog/holiday-smart-lighting-automation/ → smart-lighting
     stderr: ler to work. Please go to https://developers.cloudflare.com/fundamentals/api/get-started/create-token/ for instructions on how to create an api token, and assign its value to CLOUDFLARE_API_TOKEN.[0m


🪵  Logs were written to "/Users/brentdubose/.wrangler/logs/wrangler-2026-07-24_09-09-41_813.log"


==================================================
✅ COMPLETE: 1 articles
  Content sites: 0/0 deployed
  Rent/R&R sites: 0/1 deployed
🎯 Quality pass: 1/1
🚀 ALL SITES Content Pipeline — 2026-07-24 05:09
Sites: 1 (0 content + 1 rent)

==================================================
🏠 autobodyrepairpros.com → headlight restoration DIY methods that work...
  Researching...
  Generating...
  ✅ 2230w, 10 H2s, 📊 table, ❓ FAQ (6)
  ❌ autobodyrepairpros.com/blog/headlight-restoration-diy-methods-that-work/ → auto-body-repair
     stderr: ler to work. Please go to https://developers.cloudflare.com/fundamentals/api/get-started/create-token/ for instructions on how to create an api token, and assign its value to CLOUDFLARE_API_TOKEN.[0m


🪵  Logs were written to "/Users/brentdubose/.wrangler/logs/wrangler-2026-07-24_09-10-42_865.log"


==================================================
✅ COMPLETE: 1 articles
  Content sites: 0/0 deployed
  Rent/R&R sites: 0/1 deployed
🎯 Quality pass: 1/1
python3(7807) MallocStackLogging: can't turn off malloc stack logging because it was not enabled.
🚀 ALL SITES Content Pipeline — 2026-07-29 16:56
Sites: 1 (1 content + 0 rent)

==================================================
📝 findaiagency.com → AI workflow automation implementation guide...
  Researching...
  Generating...
  ✅ 2362w, 11 H2s, 📊 table, ❓ FAQ (7)
  ❌ blog.findaiagency.com/ai-workflow-automation-implementation-guide → findaiagency
     stderr: ler to work. Please go to https://developers.cloudflare.com/fundamentals/api/get-started/create-token/ for instructions on how to create an api token, and assign its value to CLOUDFLARE_API_TOKEN.[0m


🪵  Logs were written to "/Users/brentdubose/.wrangler/logs/wrangler-2026-07-29_20-58-36_794.log"


==================================================
✅ COMPLETE: 1 articles
  Content sites: 0/1 deployed
  Rent/R&R sites: 0/0 deployed
🎯 Quality pass: 1/1
python3(8323) MallocStackLogging: can't turn off malloc stack logging because it was not enabled.
🚀 ALL SITES Content Pipeline — 2026-07-29 16:58
Sites: 1 (1 content + 0 rent)

==================================================
📝 aiagencycalculator.com → AI maintenance and support costs annual projection...
  Researching...
  Generating...
  ✅ 2546w, 12 H2s, 📊 table, ❓ FAQ (7)
  ❌ blog.aiagencycalculator.com/ai-maintenance-and-support-costs-annual-projection → ai-agency-pricing-calculator
     stderr: ler to work. Please go to https://developers.cloudflare.com/fundamentals/api/get-started/create-token/ for instructions on how to create an api token, and assign its value to CLOUDFLARE_API_TOKEN.[0m


🪵  Logs were written to "/Users/brentdubose/.wrangler/logs/wrangler-2026-07-29_21-00-42_888.log"


==================================================
✅ COMPLETE: 1 articles
  Content sites: 0/1 deployed
  Rent/R&R sites: 0/0 deployed
🎯 Quality pass: 1/1
python3(8563) MallocStackLogging: can't turn off malloc stack logging because it was not enabled.
python3(8580) MallocStackLogging: can't turn off malloc stack logging because it was not enabled.
🚀 ALL SITES Content Pipeline — 2026-07-29 17:01
Sites: 1 (1 content + 0 rent)

==================================================
📝 findaiagency.com → AI workflow automation implementation guide...
  Researching...
  Generating...
  ✅ 2644w, 10 H2s, 📊 table, ❓ FAQ (7)
  ❌ blog.findaiagency.com/ai-workflow-automation-implementation-guide → findaiagency
     stderr: ler to work. Please go to https://developers.cloudflare.com/fundamentals/api/get-started/create-token/ for instructions on how to create an api token, and assign its value to CLOUDFLARE_API_TOKEN.[0m


🪵  Logs were written to "/Users/brentdubose/.wrangler/logs/wrangler-2026-07-29_21-03-14_056.log"


==================================================
✅ COMPLETE: 1 articles
  Content sites: 0/1 deployed
  Rent/R&R sites: 0/0 deployed
🎯 Quality pass: 1/1
🚀 ALL SITES Content Pipeline — 2026-07-29 17:01
Sites: 1 (1 content + 0 rent)

==================================================
📝 mybusinessaiaudit.com → AI data readiness what to check before starting...
  Researching...
  Generating...
  ✅ 2733w, 15 H2s, 📊 table, ❓ FAQ (7)
  ❌ blog.mybusinessaiaudit.com/ai-data-readiness-what-to-check-before-starting → mybusiness-ai-audit
     stderr: ler to work. Please go to https://developers.cloudflare.com/fundamentals/api/get-started/create-token/ for instructions on how to create an api token, and assign its value to CLOUDFLARE_API_TOKEN.[0m


🪵  Logs were written to "/Users/brentdubose/.wrangler/logs/wrangler-2026-07-29_21-03-14_054.log"


==================================================
✅ COMPLETE: 1 articles
  Content sites: 0/1 deployed
  Rent/R&R sites: 0/0 deployed
🎯 Quality pass: 1/1
python3(8774) MallocStackLogging: can't turn off malloc stack logging because it was not enabled.
python3(8781) MallocStackLogging: can't turn off malloc stack logging because it was not enabled.
🚀 ALL SITES Content Pipeline — 2026-07-29 17:03
Sites: 1 (1 content + 0 rent)

==================================================
📝 aiagencycalculator.com → AI maintenance and support costs annual projection...
  Researching...
  Generating...
  ✅ 2219w, 8 H2s, 📊 table, ❓ FAQ (7)
  ❌ blog.aiagencycalculator.com/ai-maintenance-and-support-costs-annual-projection → ai-agency-pricing-calculator
     stderr: ler to work. Please go to https://developers.cloudflare.com/fundamentals/api/get-started/create-token/ for instructions on how to create an api token, and assign its value to CLOUDFLARE_API_TOKEN.[0m


🪵  Logs were written to "/Users/brentdubose/.wrangler/logs/wrangler-2026-07-29_21-05-11_528.log"


==================================================
✅ COMPLETE: 1 articles
  Content sites: 0/1 deployed
  Rent/R&R sites: 0/0 deployed
🎯 Quality pass: 1/1
🚀 ALL SITES Content Pipeline — 2026-07-29 17:03
Sites: 1 (1 content + 0 rent)

==================================================
📝 ozempicproviders.com → Ozempic shortage 2026 supply update and alternatives...
  Researching...
  Generating...
  ✅ 2630w, 11 H2s, 📊 table, ❓ FAQ (6)
  ❌ blog.ozempicproviders.com/ozempic-shortage-2026-supply-update-and-alternatives → ozempic-providers-2026
     stderr: ler to work. Please go to https://developers.cloudflare.com/fundamentals/api/get-started/create-token/ for instructions on how to create an api token, and assign its value to CLOUDFLARE_API_TOKEN.[0m


🪵  Logs were written to "/Users/brentdubose/.wrangler/logs/wrangler-2026-07-29_21-05-11_529.log"


==================================================
✅ COMPLETE: 1 articles
  Content sites: 0/1 deployed
  Rent/R&R sites: 0/0 deployed
🎯 Quality pass: 1/1
python3(8872) MallocStackLogging: can't turn off malloc stack logging because it was not enabled.
python3(8873) MallocStackLogging: can't turn off malloc stack logging because it was not enabled.
🚀 ALL SITES Content Pipeline — 2026-07-29 17:05
Sites: 1 (1 content + 0 rent)

==================================================
📝 mybusinessaiaudit.com → AI data readiness what to check before starting...
  Researching...
  Generating...
  ✅ 2468w, 10 H2s, 📊 table, ❓ FAQ (6)
  ❌ blog.mybusinessaiaudit.com/ai-data-readiness-what-to-check-before-starting → mybusiness-ai-audit
     stderr: ler to work. Please go to https://developers.cloudflare.com/fundamentals/api/get-started/create-token/ for instructions on how to create an api token, and assign its value to CLOUDFLARE_API_TOKEN.[0m


🪵  Logs were written to "/Users/brentdubose/.wrangler/logs/wrangler-2026-07-29_21-06-14_203.log"


==================================================
✅ COMPLETE: 1 articles
  Content sites: 0/1 deployed
  Rent/R&R sites: 0/0 deployed
🎯 Quality pass: 1/1
🚀 ALL SITES Content Pipeline — 2026-07-29 17:05
Sites: 1 (1 content + 0 rent)

==================================================
📝 tariffcalculator2026.com → how to apply for tariff exclusion or drawback...
  Researching...
  Generating...
  ✅ 2823w, 8 H2s, 📊 table, ❓ FAQ (6)
  ❌ blog.tariffcalculator2026.com/how-to-apply-for-tariff-exclusion-or-drawback → tariff-calculator-2026
     stderr: ler to work. Please go to https://developers.cloudflare.com/fundamentals/api/get-started/create-token/ for instructions on how to create an api token, and assign its value to CLOUDFLARE_API_TOKEN.[0m


🪵  Logs were written to "/Users/brentdubose/.wrangler/logs/wrangler-2026-07-29_21-06-14_203.log"


==================================================
✅ COMPLETE: 1 articles
  Content sites: 0/1 deployed
  Rent/R&R sites: 0/0 deployed
🎯 Quality pass: 1/1
🚀 ALL SITES Content Pipeline — 2026-07-29 17:06
Sites: 1 (0 content + 1 rent)

==================================================
🏠 hvacmaintenancepros.com → preventing HVAC breakdowns seasonal checklist...
  Researching...
  Generating...
  ✅ 2085w, 14 H2s, 📊 table, ❓ FAQ (6)
  ❌ hvacmaintenancepros.com/blog/preventing-hvac-breakdowns-seasonal-checklist/ → hvac-maintenance
     stderr: ler to work. Please go to https://developers.cloudflare.com/fundamentals/api/get-started/create-token/ for instructions on how to create an api token, and assign its value to CLOUDFLARE_API_TOKEN.[0m


🪵  Logs were written to "/Users/brentdubose/.wrangler/logs/wrangler-2026-07-29_21-07-03_043.log"


==================================================
✅ COMPLETE: 1 articles
  Content sites: 0/0 deployed
  Rent/R&R sites: 0/1 deployed
🎯 Quality pass: 1/1
🚀 ALL SITES Content Pipeline — 2026-07-29 17:06
Sites: 1 (1 content + 0 rent)

==================================================
📝 ozempicproviders.com → Ozempic shortage 2026 supply update and alternatives...
  Researching...
  Generating...
  ✅ 2463w, 12 H2s, 📊 table, ❓ FAQ (6)
  ❌ blog.ozempicproviders.com/ozempic-shortage-2026-supply-update-and-alternatives → ozempic-providers-2026
     stderr: ler to work. Please go to https://developers.cloudflare.com/fundamentals/api/get-started/create-token/ for instructions on how to create an api token, and assign its value to CLOUDFLARE_API_TOKEN.[0m


🪵  Logs were written to "/Users/brentdubose/.wrangler/logs/wrangler-2026-07-29_21-07-07_105.log"


==================================================
✅ COMPLETE: 1 articles
  Content sites: 0/1 deployed
  Rent/R&R sites: 0/0 deployed
🎯 Quality pass: 1/1
🚀 ALL SITES Content Pipeline — 2026-07-29 17:07
Sites: 1 (1 content + 0 rent)

==================================================
📝 tariffcalculator2026.com → how to apply for tariff exclusion or drawback...
  Researching...
  Generating...
  ✅ 2706w, 9 H2s, 📊 table, ❓ FAQ (6)
  ❌ blog.tariffcalculator2026.com/how-to-apply-for-tariff-exclusion-or-drawback → tariff-calculator-2026
     stderr: ler to work. Please go to https://developers.cloudflare.com/fundamentals/api/get-started/create-token/ for instructions on how to create an api token, and assign its value to CLOUDFLARE_API_TOKEN.[0m


🪵  Logs were written to "/Users/brentdubose/.wrangler/logs/wrangler-2026-07-29_21-08-08_958.log"


==================================================
✅ COMPLETE: 1 articles
  Content sites: 0/1 deployed
  Rent/R&R sites: 0/0 deployed
🎯 Quality pass: 1/1
🚀 ALL SITES Content Pipeline — 2026-07-29 17:08
Sites: 1 (0 content + 1 rent)

==================================================
🏠 hvacmaintenancepros.com → preventing HVAC breakdowns seasonal checklist...
  Researching...
  Generating...
  ✅ 3219w, 13 H2s, 📊 table, ❓ FAQ (6)
  ❌ hvacmaintenancepros.com/blog/preventing-hvac-breakdowns-seasonal-checklist/ → hvac-maintenance
     stderr: ler to work. Please go to https://developers.cloudflare.com/fundamentals/api/get-started/create-token/ for instructions on how to create an api token, and assign its value to CLOUDFLARE_API_TOKEN.[0m


🪵  Logs were written to "/Users/brentdubose/.wrangler/logs/wrangler-2026-07-29_21-09-30_736.log"


==================================================
✅ COMPLETE: 1 articles
  Content sites: 0/0 deployed
  Rent/R&R sites: 0/1 deployed
🎯 Quality pass: 1/1
🚀 ALL SITES Content Pipeline — 2026-07-29 17:09
Sites: 1 (0 content + 1 rent)

==================================================
🏠 sumpumpplumbers.com → sump pump installation code requirements...
  Researching...
  Generating...
  ✅ 2033w, 10 H2s, 📊 table, ❓ FAQ (6)
  ❌ sumpumpplumbers.com/blog/sump-pump-installation-code-requirements/ → sump-pump-plumbers
     stderr: ler to work. Please go to https://developers.cloudflare.com/fundamentals/api/get-started/create-token/ for instructions on how to create an api token, and assign its value to CLOUDFLARE_API_TOKEN.[0m


🪵  Logs were written to "/Users/brentdubose/.wrangler/logs/wrangler-2026-07-29_21-10-28_664.log"


==================================================
✅ COMPLETE: 1 articles
  Content sites: 0/0 deployed
  Rent/R&R sites: 0/1 deployed
🎯 Quality pass: 1/1
🚀 ALL SITES Content Pipeline — 2026-07-29 17:10
Sites: 1 (0 content + 1 rent)

==================================================
🏠 roofshinglepros.com → roof maintenance checklist for homeowners...
  Researching...
  Generating...
  ✅ 2476w, 13 H2s, 📊 table, ❓ FAQ (6)
  ❌ roofshinglepros.com/blog/roof-maintenance-checklist-for-homeowners/ → roof-shingle
     stderr: ler to work. Please go to https://developers.cloudflare.com/fundamentals/api/get-started/create-token/ for instructions on how to create an api token, and assign its value to CLOUDFLARE_API_TOKEN.[0m


🪵  Logs were written to "/Users/brentdubose/.wrangler/logs/wrangler-2026-07-29_21-11-31_483.log"


==================================================
✅ COMPLETE: 1 articles
  Content sites: 0/0 deployed
  Rent/R&R sites: 0/1 deployed
🎯 Quality pass: 1/1
🚀 ALL SITES Content Pipeline — 2026-07-29 18:27
Sites: 23 (5 content + 18 rent)

==================================================
📝 findaiagency.com → AI workflow automation implementation guide...
  Researching...
  Generating...
  ✅ 2121w, 13 H2s, 📊 table, ❓ FAQ (7)
  ✅ blog.findaiagency.com/ai-workflow-automation-implementation-guide → findaiagency

==================================================
📝 aiagencycalculator.com → AI maintenance and support costs annual projection...
  Researching...
  Generating...
  ✅ 2580w, 10 H2s, 📊 table, ❓ FAQ (6)
  ✅ blog.aiagencycalculator.com/ai-maintenance-and-support-costs-annual-projection → ai-agency-pricing-calculator

==================================================
📝 mybusinessaiaudit.com → AI data readiness what to check before starting...
  Researching...
  Generating...
  ✅ 2870w, 10 H2s, 📊 table, ❓ FAQ (6)
  ✅ blog.mybusinessaiaudit.com/ai-data-readiness-what-to-check-before-starting → mybusiness-ai-audit

==================================================
📝 ozempicproviders.com → Ozempic shortage 2026 supply update and alternatives...
  Researching...
  Generating...
  ✅ 2267w, 9 H2s, 📊 table, ❓ FAQ (7)
  ❌ blog.ozempicproviders.com/ozempic-shortage-2026-supply-update-and-alternatives → ozempic-providers-2026
     stderr: project name does not match any of your existing projects. [code: 8000007]
  
  If you think this is a bug, please open an issue at: [4mhttps://github.com/cloudflare/workers-sdk/issues/new/choose[0m


🪵  Logs were written to "/Users/brentdubose/.wrangler/logs/wrangler-2026-07-29_22-34-21_973.log"


==================================================
📝 tariffcalculator2026.com → how to apply for tariff exclusion or drawback...
  Researching...
  Generating...
  ✅ 2185w, 10 H2s, 📊 table, ❓ FAQ (6)
  ✅ blog.tariffcalculator2026.com/how-to-apply-for-tariff-exclusion-or-drawback → tariff-calculator-2026

==================================================
🏠 hvacmaintenancepros.com → preventing HVAC breakdowns seasonal checklist...
  Researching...
  Generating...
  ✅ 2664w, 11 H2s, 📊 table, ❓ FAQ (6)
  ✅ hvacmaintenancepros.com/blog/preventing-hvac-breakdowns-seasonal-checklist/ → hvac-maintenance

==================================================
🏠 sumpumpplumbers.com → sump pump installation code requirements...
  Researching...
  Generating...
  ✅ 2788w, 11 H2s, 📊 table, ❓ FAQ (6)
🚀 ALL SITES Content Pipeline — 2026-07-31 17:33
Sites: 23 (5 content + 18 rent)

==================================================
📝 findaiagency.com → red flags when hiring an AI automation agency...
  Researching...
  Generating...
  ✅ 3748w, 13 H2s, 📊 table, ❓ FAQ (6)
Traceback (most recent call last):
  File "/Users/brentdubose/.hermes/scripts/all-sites-content.py", line 969, in <module>
    main()
    ~~~~^^
  File "/Users/brentdubose/.hermes/scripts/all-sites-content.py", line 939, in main
    ok = deploy_article(article, html)
  File "/Users/brentdubose/.hermes/scripts/all-sites-content.py", line 806, in deploy_article
    result = subprocess.run(
        ["npx", "wrangler", "pages", "deploy", source_dir,
         "--project-name", cf_project, "--branch", "main", "--no-bundle"],
        capture_output=True, text=True, timeout=120
    )
  File "/opt/homebrew/Cellar/python@3.14/3.14.5/Frameworks/Python.framework/Versions/3.14/lib/python3.14/subprocess.py", line 557, in run
    stdout, stderr = process.communicate(input, timeout=timeout)
                     ~~~~~~~~~~~~~~~~~~~^^^^^^^^^^^^^^^^^^^^^^^^
  File "/opt/homebrew/Cellar/python@3.14/3.14.5/Frameworks/Python.framework/Versions/3.14/lib/python3.14/subprocess.py", line 1221, in communicate
    stdout, stderr = self._communicate(input, endtime, timeout)
                     ~~~~~~~~~~~~~~~~~^^^^^^^^^^^^^^^^^^^^^^^^^
  File "/opt/homebrew/Cellar/python@3.14/3.14.5/Frameworks/Python.framework/Versions/3.14/lib/python3.14/subprocess.py", line 2154, in _communicate
    self._check_timeout(endtime, orig_timeout, stdout, stderr)
    ~~~~~~~~~~~~~~~~~~~^^^^^^^^^^^^^^^^^^^^^^^^^^^^^^^^^^^^^^^
  File "/opt/homebrew/Cellar/python@3.14/3.14.5/Frameworks/Python.framework/Versions/3.14/lib/python3.14/subprocess.py", line 1268, in _check_timeout
    raise TimeoutExpired(
    ...<2 lines>...
            stderr=b''.join(stderr_seq) if stderr_seq else None)
subprocess.TimeoutExpired: Command '['npx', 'wrangler', 'pages', 'deploy', '/Users/brentdubose/seo-pages/idle-sites/findaiagency', '--project-name', 'findaiagency', '--branch', 'main', '--no-bundle']' timed out after 120 seconds
🚀 ALL SITES Content Pipeline — 2026-07-31 17:40
Sites: 23 (5 content + 18 rent)

==================================================
📝 findaiagency.com → red flags when hiring an AI automation agency...
  Researching...
  Generating...
  ✅ 2770w, 11 H2s, 📊 table, ❓ FAQ (6)
Traceback (most recent call last):
  File "/Users/brentdubose/.hermes/scripts/all-sites-content.py", line 969, in <module>
    main()
    ~~~~^^
  File "/Users/brentdubose/.hermes/scripts/all-sites-content.py", line 939, in main
    ok = deploy_article(article, html)
  File "/Users/brentdubose/.hermes/scripts/all-sites-content.py", line 806, in deploy_article
    result = subprocess.run(
        ["npx", "wrangler", "pages", "deploy", source_dir,
         "--project-name", cf_project, "--branch", "main", "--no-bundle"],
        capture_output=True, text=True, timeout=120
    )
  File "/opt/homebrew/Cellar/python@3.14/3.14.5/Frameworks/Python.framework/Versions/3.14/lib/python3.14/subprocess.py", line 557, in run
    stdout, stderr = process.communicate(input, timeout=timeout)
                     ~~~~~~~~~~~~~~~~~~~^^^^^^^^^^^^^^^^^^^^^^^^
  File "/opt/homebrew/Cellar/python@3.14/3.14.5/Frameworks/Python.framework/Versions/3.14/lib/python3.14/subprocess.py", line 1221, in communicate
    stdout, stderr = self._communicate(input, endtime, timeout)
                     ~~~~~~~~~~~~~~~~~^^^^^^^^^^^^^^^^^^^^^^^^^
  File "/opt/homebrew/Cellar/python@3.14/3.14.5/Frameworks/Python.framework/Versions/3.14/lib/python3.14/subprocess.py", line 2154, in _communicate
    self._check_timeout(endtime, orig_timeout, stdout, stderr)
    ~~~~~~~~~~~~~~~~~~~^^^^^^^^^^^^^^^^^^^^^^^^^^^^^^^^^^^^^^^
  File "/opt/homebrew/Cellar/python@3.14/3.14.5/Frameworks/Python.framework/Versions/3.14/lib/python3.14/subprocess.py", line 1268, in _check_timeout
    raise TimeoutExpired(
    ...<2 lines>...
            stderr=b''.join(stderr_seq) if stderr_seq else None)
subprocess.TimeoutExpired: Command '['npx', 'wrangler', 'pages', 'deploy', '/Users/brentdubose/seo-pages/idle-sites/findaiagency', '--project-name', 'findaiagency', '--branch', 'main', '--no-bundle']' timed out after 120 seconds
🚀 ALL SITES Content Pipeline — 2026-08-01 05:35
Sites: 23 (5 content + 18 rent)
Parallelism: 4 workers (was sequential — 7 sites per 10-min window; now ~23)

==================================================
📝 findaiagency.com → what does an AI automation agency do...
  Researching...

==================================================
📝 aiagencycalculator.com → monthly retainer vs project pricing AI...
  Researching...

==================================================
📝 mybusinessaiaudit.com → signs your business needs AI automation...
  Researching...

==================================================
📝 ozempicproviders.com → Ozempic side effects what to know...
  Researching...
  Generating...
  Generating...
  Generating...
  Generating...
  ✅ 2877w, 11 H2s, 📊 table, ❓ FAQ (6)
  ✅ 3197w, 7 H2s, 📊 table, ❓ FAQ (6)
  ✅ blog.mybusinessaiaudit.com/signs-your-business-needs-ai-automation → mybusiness-ai-audit
  ✅ 3536w, 12 H2s, 📊 table, ❓ FAQ (6)
  ✅ 3829w, 13 H2s, 📊 table, ❓ FAQ (5)
  ❌ blog.ozempicproviders.com/ozempic-side-effects-what-to-know → ozempic-providers-2026
     stderr: project name does not match any of your existing projects. [code: 8000007]
  
  If you think this is a bug, please open an issue at: [4mhttps://github.com/cloudflare/workers-sdk/issues/new/choose[0m


🪵  Logs were written to "/Users/brentdubose/.wrangler/logs/wrangler-2026-08-01_09-36-41_528.log"


==================================================
📝 tariffcalculator2026.com → how to calculate import duties from China...
  Researching...

==================================================
🏠 hvacmaintenancepros.com → duct cleaning when is it actually necessary...
  Researching...
  ✅ blog.aiagencycalculator.com/monthly-retainer-vs-project-pricing-ai → ai-agency-pricing-calculator
  ✅ blog.findaiagency.com/what-does-an-ai-automation-agency-do → findaiagency

==================================================
🏠 sumpumpplumbers.com → waterproofing basement options comparison...
  Researching...

==================================================
🏠 roofshinglepros.com → roof leak repair step by step guide...
  Researching...
  Generating...
  Generating...
  Generating...
  Generating...
  ✅ 3283w, 11 H2s, 📊 table, ❓ FAQ (4)
  ✅ 3748w, 15 H2s, 📊 table, ❓ FAQ (4)
  ✅ blog.tariffcalculator2026.com/how-to-calculate-import-duties-from-china → tariff-calculator-2026
  ✅ 3451w, 13 H2s, 📊 table, ❓ FAQ (6)
  ✅ 3316w, 13 H2s, 📊 table, ❓ FAQ (6)

==================================================
🏠 fencingcontractorspros.com → fence staining and sealing guide...
  Researching...
  ✅ sumpumpplumbers.com/blog/waterproofing-basement-options-comparison/ → sump-pump-plumbers
  ✅ hvacmaintenancepros.com/blog/duct-cleaning-when-is-it-actually-necessary/ → hvac-maintenance
  ✅ roofshinglepros.com/blog/roof-leak-repair-step-by-step-guide/ → roof-shingle

==================================================
🏠 smartlightingpros.com → LED smart bulb energy savings calculator...
  Researching...

==================================================
🏠 autobodyrepairpros.com → aftermarket vs OEM replacement parts quality...
  Researching...

==================================================
🏠 handymanservicespros.com → TV mounting types and weight limits guide...
  Researching...
  Generating...
  Generating...
  Generating...
  Generating...
  ✅ 2692w, 11 H2s, 📊 table, ❓ FAQ (6)
  ✅ 3098w, 10 H2s, 📊 table, ❓ FAQ (6)
  ✅ 3198w, 11 H2s, 📊 table, ❓ FAQ (3)
  ✅ smartlightingpros.com/blog/led-smart-bulb-energy-savings-calculator/ → smart-lighting
  ✅ handymanservicespros.com/blog/tv-mounting-types-and-weight-limits-guide/ → handyman-services

==================================================
🏠 tireshoppros.com → best tires for SUVs and trucks 2026...
  Researching...

==================================================
🏠 personalinjuryattorneypros.com → dog bite liability laws by state...
  Researching...
  ✅ fencingcontractorspros.com/blog/fence-staining-and-sealing-guide/ → fencing-contractors

==================================================
🏠 divorcelawyerpros.com → alimony spousal support calculation guide...
  Researching...
  ⚠️ API error (attempt 1/4), retrying in 5s: ("Connection broken: ConnectionResetError(54, 'Connection reset by peer')", ConnectionResetError(54, 'Connection reset by peer'))
  Generating...
  Generating...
  Generating...
  ✅ 3536w, 13 H2s, 📊 table, ❓ FAQ (5)
  ✅ 3587w, 13 H2s, 📊 table, ❓ FAQ (6)
  ✅ 3156w, 12 H2s, 📊 table, ❓ FAQ (6)
  ✅ 3204w, 14 H2s, 📊 table, ❓ FAQ (6)
  ✅ personalinjuryattorneypros.com/blog/dog-bite-liability-laws-by-state/ → personal-injury-attorney
  ✅ autobodyrepairpros.com/blog/aftermarket-vs-oem-replacement-parts-quality/ → auto-body-repair
  ✅ tireshoppros.com/blog/best-tires-for-suvs-and-trucks-2026/ → tire-shop

==================================================
🏠 taxpreparationpros.com → tax audit what triggers and how to prepare...
  Researching...
  ✅ divorcelawyerpros.com/blog/alimony-spousal-support-calculation-guide/ → divorce-lawyer

==================================================
🏠 bookkeepingservicespros.com → payroll processing options for small businesses...
  Researching...

==================================================
🏠 electricehiclechargerpros.com → EV charger types plug standards explained...
  Researching...

==================================================
🏠 solarpanelinstallpros.com → best solar panels 2026 efficiency comparison...
  Researching...
  Generating...
  Generating...
  Generating...
  Generating...
  ⚠️ Retrying (Missing FAQ, Only 0 FAQ items)
  Researching...
  ✅ 2981w, 12 H2s, 📊 table, ❓ FAQ (6)
  ✅ 3450w, 10 H2s, 📊 table, ❓ FAQ (6)
  ✅ bookkeepingservicespros.com/blog/payroll-processing-options-for-small-businesses/ → bookkeeping-services

==================================================
🏠 veterinarypros.com → flea and tick prevention options comparison...
  Researching...
  ✅ electricehiclechargerpros.com/blog/ev-charger-types-plug-standards-explained/ → ev-charger
  ✅ 3294w, 12 H2s, 📊 table, ❓ FAQ (6)
  Generating...

==================================================
🏠 mobiletreeremoval.com → tree service insurance what to verify...
  Researching...
  ✅ solarpanelinstallpros.com/blog/best-solar-panels-2026-efficiency-comparison/ → solar-panel-install

==================================================
🏠 generatorinstallationreno.com → whole house generator automatic transfer switch...
  Researching...
  Generating...
  Generating...
  Generating...
  ✅ 3575w, 10 H2s, 📊 table, ❓ FAQ (4)
  ✅ 2686w, 9 H2s, 📊 table, ❓ FAQ (6)
  ✅ taxpreparationpros.com/blog/tax-audit-what-triggers-and-how-to-prepare/ → tax-preparation

==================================================
🏠 tulsaseptic.com → septic safe products what to avoid...
  Researching...
  ✅ veterinarypros.com/blog/flea-and-tick-prevention-options-comparison/ → veterinary
  ✅ 3383w, 13 H2s, 📊 table, ❓ FAQ (7)
  ✅ 3039w, 11 H2s, 📊 table, ❓ FAQ (6)
  ✅ mobiletreeremoval.com/blog/tree-service-insurance-what-to-verify/ → mobile-treeremoval
  ✅ generatorinstallationreno.com/blog/whole-house-generator-automatic-transfer-switch/ → reno-generator
  Generating...
  ⚠️ Retrying (Missing FAQ, Only 0 FAQ items)
  Researching...
  Generating...
  ✅ 3616w, 12 H2s, 📊 table, ❌ FAQ (0)
  ✅ tulsaseptic.com/blog/septic-safe-products-what-to-avoid/ → tulsa-septic

==================================================
✅ COMPLETE: 23 articles
  Content sites: 4/5 deployed
  Rent/R&R sites: 18/18 deployed
🎯 Quality pass: 22/23
Python(86595) MallocStackLogging: can't turn off malloc stack logging because it was not enabled.
Python(86596) MallocStackLogging: can't turn off malloc stack logging because it was not enabled.
Python(86597) MallocStackLogging: can't turn off malloc stack logging because it was not enabled.
Python(86836) MallocStackLogging: can't turn off malloc stack logging because it was not enabled.
Python(90810) MallocStackLogging: can't turn off malloc stack logging because it was not enabled.
Python(90811) MallocStackLogging: can't turn off malloc stack logging because it was not enabled.
Python(90812) MallocStackLogging: can't turn off malloc stack logging because it was not enabled.
Python(91691) MallocStackLogging: can't turn off malloc stack logging because it was not enabled.
Python(91686) MallocStackLogging: can't turn off malloc stack logging because it was not enabled.
Python(91690) MallocStackLogging: can't turn off malloc stack logging because it was not enabled.
Python(91735) MallocStackLogging: can't turn off malloc stack logging because it was not enabled.
Python(60548) MallocStackLogging: can't turn off malloc stack logging because it was not enabled.
Python(60616) MallocStackLogging: can't turn off malloc stack logging because it was not enabled.
Python(60826) MallocStackLogging: can't turn off malloc stack logging because it was not enabled.
Python(60856) MallocStackLogging: can't turn off malloc stack logging because it was not enabled.
Python(60930) MallocStackLogging: can't turn off malloc stack logging because it was not enabled.
Python(61193) MallocStackLogging: can't turn off malloc stack logging because it was not enabled.
Python(61225) MallocStackLogging: can't turn off malloc stack logging because it was not enabled.
Python(61352) MallocStackLogging: can't turn off malloc stack logging because it was not enabled.
Python(61384) MallocStackLogging: can't turn off malloc stack logging because it was not enabled.
Python(61398) MallocStackLogging: can't turn off malloc stack logging because it was not enabled.
Python(61420) MallocStackLogging: can't turn off malloc stack logging because it was not enabled.
Python(61506) MallocStackLogging: can't turn off malloc stack logging because it was not enabled.
Python(61531) MallocStackLogging: can't turn off malloc stack logging because it was not enabled.
Python(61554) MallocStackLogging: can't turn off malloc stack logging because it was not enabled.
Python(61688) MallocStackLogging: can't turn off malloc stack logging because it was not enabled.
Python(61689) MallocStackLogging: can't turn off malloc stack logging because it was not enabled.
Python(61731) MallocStackLogging: can't turn off malloc stack logging because it was not enabled.
Python(61755) MallocStackLogging: can't turn off malloc stack logging because it was not enabled.
🚀 ALL SITES Content Pipeline — 2026-08-04 05:00
Sites: 23 (5 content + 18 rent)
Parallelism: 4 workers (was sequential — 7 sites per 10-min window; now ~23)

==================================================
📝 findaiagency.com → how to choose an AI automation agency...
  Researching...

==================================================
📝 aiagencycalculator.com → how to budget for AI automation...
  Researching...

==================================================
📝 mybusinessaiaudit.com → AI readiness assessment guide...
  Researching...

==================================================
📝 ozempicproviders.com → Ozempic cost without insurance 2026...
  Researching...
  Generating...
  Generating...
  Generating...
  Generating...
  ✅ 3498w, 11 H2s, 📊 table, ❓ FAQ (6)
  ✅ 2963w, 11 H2s, 📊 table, ❓ FAQ (6)
  ✅ blog.mybusinessaiaudit.com/ai-readiness-assessment-guide → mybusiness-ai-audit
  ✅ blog.findaiagency.com/how-to-choose-an-ai-automation-agency → findaiagency
  ✅ 3108w, 11 H2s, 📊 table, ❓ FAQ (6)

==================================================
📝 tariffcalculator2026.com → how tariffs affect small business imports...
  Researching...

==================================================
🏠 hvacmaintenancepros.com → HVAC maintenance cost guide 2026...
  Researching...
  ✅ 2990w, 9 H2s, 📊 table, ❓ FAQ (6)
  ✅ blog.aiagencycalculator.com/how-to-budget-for-ai-automation → ai-agency-pricing-calculator

==================================================
🏠 sumpumpplumbers.com → sump pump replacement cost 2026...
  Researching...
  Generating...
  Generating...
  ✅ blog.ozempicproviders.com/ozempic-cost-without-insurance-2026 → ozempic-providers-2026
  Generating...

==================================================
🏠 roofshinglepros.com → roof replacement cost guide 2026...
  Researching...
  Generating...
  ✅ 3330w, 12 H2s, 📊 table, ❓ FAQ (6)
  ⚠️ Retrying (Only 2 FAQ items)
  Researching...
  ✅ 2721w, 10 H2s, 📊 table, ❓ FAQ (6)
  ✅ hvacmaintenancepros.com/blog/hvac-maintenance-cost-guide-2026/ → hvac-maintenance
  ✅ sumpumpplumbers.com/blog/sump-pump-replacement-cost-2026/ → sump-pump-plumbers
  Generating...

==================================================
🏠 fencingcontractorspros.com → fence installation cost per foot 2026...
  Researching...

==================================================
🏠 smartlightingpros.com → best smart home lighting systems compared...
  Researching...
  ⚠️ Retrying (Missing FAQ, Only 0 FAQ items)
  Researching...
  Generating...
  Generating...
  Generating...
  ✅ 2712w, 11 H2s, 📊 table, ❌ FAQ (0)
  ✅ blog.tariffcalculator2026.com/how-tariffs-affect-small-business-imports → tariff-calculator-2026

==================================================
🏠 autobodyrepairpros.com → paintless dent repair vs traditional body work...
  Researching...
  ⚠️ Retrying (Missing FAQ, Only 0 FAQ items)
  Researching...
  ✅ 2987w, 11 H2s, 📊 table, ❓ FAQ (7)
  Generating...
  ✅ 2828w, 15 H2s, 📊 table, ❓ FAQ (2)
  Generating...
  ✅ roofshinglepros.com/blog/roof-replacement-cost-guide-2026/ → roof-shingle

==================================================
🏠 handymanservicespros.com → best home repairs to DIY vs hire a handyman...
  Researching...
  ✅ smartlightingpros.com/blog/best-smart-home-lighting-systems-compared/ → smart-lighting

==================================================
🏠 tireshoppros.com → all season vs winter tires comparison...
  Researching...
  Generating...
  Generating...
  ✅ 2509w, 11 H2s, 📊 table, ❓ FAQ (4)
  ✅ 3357w, 18 H2s, 📊 table, ❓ FAQ (6)
  ✅ fencingcontractorspros.com/blog/fence-installation-cost-per-foot-2026/ → fencing-contractors
  ✅ autobodyrepairpros.com/blog/paintless-dent-repair-vs-traditional-body-work/ → auto-body-repair

==================================================
🏠 personalinjuryattorneypros.com → car accident settlement timeline 2026...
  Researching...

==================================================
🏠 divorcelawyerpros.com → uncontested divorce vs litigation comparison...
  Researching...
  Generating...
  Generating...
  ⚠️ Retrying (Missing FAQ, Only 0 FAQ items)
  Researching...
  ✅ 3130w, 11 H2s, 📊 table, ❓ FAQ (7)
  Generating...
  ✅ tireshoppros.com/blog/all-season-vs-winter-tires-comparison/ → tire-shop

==================================================
🏠 taxpreparationpros.com → IRS tax refund timeline 2026...
  Researching...
  Generating...
  ✅ 3016w, 10 H2s, 📊 table, ❓ FAQ (6)
  ✅ personalinjuryattorneypros.com/blog/car-accident-settlement-timeline-2026/ → personal-injury-attorney
  ✅ 3657w, 11 H2s, 📊 table, ❓ FAQ (6)

==================================================
🏠 bookkeepingservicespros.com → QuickBooks vs Xero vs FreshBooks comparison...
  Researching...
  ✅ divorcelawyerpros.com/blog/uncontested-divorce-vs-litigation-comparison/ → divorce-lawyer
  Generating...

==================================================
🏠 electricehiclechargerpros.com → Level 2 vs Level 3 charging speed comparison...
  Researching...
  ✅ 3582w, 14 H2s, 📊 table, ❓ FAQ (4)
  Generating...
  ✅ handymanservicespros.com/blog/best-home-repairs-to-diy-vs-hire-a-handyman/ → handyman-services

==================================================
🏠 solarpanelinstallpros.com → federal solar tax credit 2026 what changed...
  Researching...
  ✅ 2825w, 12 H2s, 📊 table, ❓ FAQ (6)
  ✅ taxpreparationpros.com/blog/irs-tax-refund-timeline-2026/ → tax-preparation

==================================================
🏠 veterinarypros.com → cat vaccination guide indoor vs outdoor...
  Researching...
  Generating...
  Generating...
  ⚠️ Retrying (Missing FAQ, Only 0 FAQ items)
  Researching...
  ✅ 2872w, 13 H2s, 📊 table, ❓ FAQ (6)
  Generating...
  ✅ electricehiclechargerpros.com/blog/level-2-vs-level-3-charging-speed-comparison/ → ev-charger

==================================================
🏠 mobiletreeremoval.com → emergency tree removal after storm guide...
  Researching...
  ✅ 3168w, 11 H2s, 📊 table, ❓ FAQ (7)
  Generating...
  ✅ solarpanelinstallpros.com/blog/federal-solar-tax-credit-2026-what-changed/ → solar-panel-install

==================================================
🏠 generatorinstallationreno.com → portable vs standby generator comparison...
  Researching...
  ✅ 3362w, 11 H2s, 📊 table, ❓ FAQ (3)
  Generating...
  ✅ veterinarypros.com/blog/cat-vaccination-guide-indoor-vs-outdoor/ → veterinary

==================================================
🏠 tulsaseptic.com → septic system types conventional vs aerobic...
  Researching...
  ✅ 3172w, 11 H2s, 📊 table, ❓ FAQ (6)
  Generating...
  ✅ bookkeepingservicespros.com/blog/quickbooks-vs-xero-vs-freshbooks-comparison/ → bookkeeping-services
  ✅ 3504w, 10 H2s, 📊 table, ❓ FAQ (6)
  ✅ mobiletreeremoval.com/blog/emergency-tree-removal-after-storm-guide/ → mobile-treeremoval
  ✅ 3367w, 13 H2s, 📊 table, ❓ FAQ (6)
  ✅ generatorinstallationreno.com/blog/portable-vs-standby-generator-comparison/ → reno-generator
  ✅ 3810w, 14 H2s, 📊 table, ❓ FAQ (6)
  ✅ tulsaseptic.com/blog/septic-system-types-conventional-vs-aerobic/ → tulsa-septic

==================================================
✅ COMPLETE: 23 articles
  Content sites: 5/5 deployed
  Rent/R&R sites: 18/18 deployed
🎯 Quality pass: 21/23
🚀 ALL SITES Content Pipeline — 2026-08-04 05:30
Sites: 23 (5 content + 18 rent)
Parallelism: 4 workers (was sequential — 7 sites per 10-min window; now ~23)

==================================================
📝 findaiagency.com → how to choose an AI automation agency...
  Researching...

==================================================
📝 aiagencycalculator.com → how to budget for AI automation...
  Researching...

==================================================
📝 mybusinessaiaudit.com → AI readiness assessment guide...
  Researching...

==================================================
📝 ozempicproviders.com → Ozempic cost without insurance 2026...
  Researching...
  Generating...
  Generating...
  Generating...
  Generating...
  ✅ 2976w, 12 H2s, 📊 table, ❓ FAQ (6)
  ✅ 3146w, 13 H2s, 📊 table, ❓ FAQ (7)
  ✅ blog.aiagencycalculator.com/how-to-budget-for-ai-automation → ai-agency-pricing-calculator

==================================================
📝 tariffcalculator2026.com → how tariffs affect small business imports...
  Researching...
  ⚠️ Retrying (Missing FAQ, Only 0 FAQ items)
  Researching...
  ✅ blog.findaiagency.com/how-to-choose-an-ai-automation-agency → findaiagency
  ✅ 2958w, 12 H2s, 📊 table, ❓ FAQ (6)

==================================================
🏠 hvacmaintenancepros.com → HVAC maintenance cost guide 2026...
  Researching...
  ✅ blog.ozempicproviders.com/ozempic-cost-without-insurance-2026 → ozempic-providers-2026
  Generating...

==================================================
🏠 sumpumpplumbers.com → sump pump replacement cost 2026...
  Researching...
  Generating...
  Generating...
  Generating...
  ✅ 3297w, 14 H2s, 📊 table, ❓ FAQ (3)
  ✅ 3270w, 12 H2s, 📊 table, ❓ FAQ (5)
  ✅ 2669w, 13 H2s, 📊 table, ❓ FAQ (6)
  ✅ 2994w, 12 H2s, 📊 table, ❓ FAQ (6)
  ✅ blog.mybusinessaiaudit.com/ai-readiness-assessment-guide → mybusiness-ai-audit

==================================================
🏠 roofshinglepros.com → roof replacement cost guide 2026...
  Researching...
  ✅ blog.tariffcalculator2026.com/how-tariffs-affect-small-business-imports → tariff-calculator-2026
  ✅ sumpumpplumbers.com/blog/sump-pump-replacement-cost-2026/ → sump-pump-plumbers
  ✅ hvacmaintenancepros.com/blog/hvac-maintenance-cost-guide-2026/ → hvac-maintenance

==================================================
🏠 fencingcontractorspros.com → fence installation cost per foot 2026...
  Researching...

==================================================
🏠 smartlightingpros.com → best smart home lighting systems compared...
  Researching...

==================================================
🏠 autobodyrepairpros.com → paintless dent repair vs traditional body work...
  Researching...
  Generating...
  Generating...
  Generating...
  Generating...
  ⚠️ Retrying (Only 2 FAQ items)
  Researching...
  ✅ 2824w, 11 H2s, 📊 table, ❓ FAQ (4)
  ✅ 3233w, 13 H2s, 📊 table, ❓ FAQ (6)
  ✅ fencingcontractorspros.com/blog/fence-installation-cost-per-foot-2026/ → fencing-contractors
  ⚠️ Retrying (Missing FAQ, Only 0 FAQ items)
  Researching...
  ✅ autobodyrepairpros.com/blog/paintless-dent-repair-vs-traditional-body-work/ → auto-body-repair

==================================================
🏠 handymanservicespros.com → best home repairs to DIY vs hire a handyman...
  Researching...
  Generating...

==================================================
🏠 tireshoppros.com → all season vs winter tires comparison...
  Researching...
  Generating...
  Generating...
  Generating...
  ✅ 2730w, 10 H2s, 📊 table, ❌ FAQ (0)
  ✅ roofshinglepros.com/blog/roof-replacement-cost-guide-2026/ → roof-shingle
  ✅ 2851w, 13 H2s, 📊 table, ❓ FAQ (6)

==================================================
🏠 personalinjuryattorneypros.com → car accident settlement timeline 2026...
  Researching...
  ✅ 3314w, 12 H2s, 📊 table, ❓ FAQ (6)
  ✅ 3641w, 11 H2s, 📊 table, ❓ FAQ (2)
  ✅ handymanservicespros.com/blog/best-home-repairs-to-diy-vs-hire-a-handyman/ → handyman-services

==================================================
🏠 divorcelawyerpros.com → uncontested divorce vs litigation comparison...
  Researching...
  ✅ tireshoppros.com/blog/all-season-vs-winter-tires-comparison/ → tire-shop
  Generating...
  ✅ smartlightingpros.com/blog/best-smart-home-lighting-systems-compared/ → smart-lighting

==================================================
🏠 taxpreparationpros.com → IRS tax refund timeline 2026...
  Researching...

==================================================
🏠 bookkeepingservicespros.com → QuickBooks vs Xero vs FreshBooks comparison...
  Researching...
  Generating...
  Generating...
  Generating...
  ✅ 2938w, 12 H2s, 📊 table, ❓ FAQ (6)
  ✅ personalinjuryattorneypros.com/blog/car-accident-settlement-timeline-2026/ → personal-injury-attorney

==================================================
🏠 electricehiclechargerpros.com → Level 2 vs Level 3 charging speed comparison...
  Researching...
  ✅ 3393w, 14 H2s, 📊 table, ❓ FAQ (6)
  ✅ 3203w, 12 H2s, 📊 table, ❓ FAQ (6)
  ✅ 2948w, 11 H2s, 📊 table, ❓ FAQ (6)
  ✅ divorcelawyerpros.com/blog/uncontested-divorce-vs-litigation-comparison/ → divorce-lawyer
  ✅ taxpreparationpros.com/blog/irs-tax-refund-timeline-2026/ → tax-preparation

==================================================
🏠 solarpanelinstallpros.com → federal solar tax credit 2026 what changed...
  Researching...

==================================================
🏠 veterinarypros.com → cat vaccination guide indoor vs outdoor...
  Researching...
  ✅ bookkeepingservicespros.com/blog/quickbooks-vs-xero-vs-freshbooks-comparison/ → bookkeeping-services

==================================================
🏠 mobiletreeremoval.com → emergency tree removal after storm guide...
  Researching...
  Generating...
  Generating...
  Generating...
  Generating...
  ✅ 2955w, 10 H2s, 📊 table, ❓ FAQ (6)
  ✅ electricehiclechargerpros.com/blog/level-2-vs-level-3-charging-speed-comparison/ → ev-charger

==================================================
🏠 generatorinstallationreno.com → portable vs standby generator comparison...
  Researching...
  ✅ 3507w, 14 H2s, 📊 table, ❓ FAQ (7)
  ⚠️ Retrying (Only 1 FAQ items)
  Researching...
  ✅ solarpanelinstallpros.com/blog/federal-solar-tax-credit-2026-what-changed/ → solar-panel-install

==================================================
🏠 tulsaseptic.com → septic system types conventional vs aerobic...
  Researching...
  ✅ 3348w, 11 H2s, 📊 table, ❓ FAQ (4)
  Generating...
  ✅ mobiletreeremoval.com/blog/emergency-tree-removal-after-storm-guide/ → mobile-treeremoval
  Generating...
  Generating...
  ✅ 3053w, 12 H2s, 📊 table, ❓ FAQ (6)
  ✅ generatorinstallationreno.com/blog/portable-vs-standby-generator-comparison/ → reno-generator
  ✅ 3167w, 13 H2s, 📊 table, ❓ FAQ (4)
  ✅ 3342w, 14 H2s, 📊 table, ❓ FAQ (3)
  ✅ veterinarypros.com/blog/cat-vaccination-guide-indoor-vs-outdoor/ → veterinary
  ✅ tulsaseptic.com/blog/septic-system-types-conventional-vs-aerobic/ → tulsa-septic

==================================================
✅ COMPLETE: 23 articles
  Content sites: 5/5 deployed
  Rent/R&R sites: 18/18 deployed
🎯 Quality pass: 21/23
